var_nam,appl_id,frm_id,addon_id,cust_lvl,ena_flg,const_flg,def_typ,char_val,int_val,flt_val,dt_val,def_cmd,grp_nam
"action_on_dup","LES","LES","LES",0,1,0,"","E",0,0,"","","dcs_data"
"add__flg","LES","SALFieldConfigLkpWiz","LES",0,1,1,"","",1,0,"","","mcs_data"
"addon_id","rdtpolmnt","rdtpolmnt","LES",0,1,1,"","LES",0,0,"","","dcs_data"
"addon_id","rdtpolovrdmnt","rdtpolovrdmnt","LES",0,1,1,"","LES",0,0,"","","dcs_data"
"adjflg","LES","AreMstFlagsWiz","LES",0,1,0,"","",0,0,"","","dcs_data"
"adjflg","LES","invdsp","LES",0,1,1,"","",0,0,"","","dcs_data"
"adjflg","LES","invdspmw","LES",0,1,1,"","",0,0,"","","dcs_data"
"adjflg","LES","rcvinvdsp","LES",0,1,1,"","",0,0,"","","dcs_data"
"adr_fmt","LES","ctrymstmnt","LES",0,1,0,"","1",0,0,"","","sal_data"
"adr_typ","SALUsrConfig","LES","LES",0,1,0,"","USR",0,0,"","","sal_data"
"adv_alc_flg","LES","apptmnt","LES",0,1,0,"","",0,0,"","","dcs_data"
"alcflg","LES","hldmstmnt","LES",0,1,0,"","",1,0,"","","dcs_data"
"alcflg","LES","invstsprgdtl","LES",0,1,0,"","",0,0,"","","dcs_data"
"all_usrs_flg","AthMnt","LES","LES",0,1,0,"","",0,0,"","","sal_data"
"allocate_catch","LES","bomdtlmnt","LES",0,1,0,"","",0,0,"","","dcs_data"
"allow_cancel_license","LES","LES","LES",0,1,0,"","",1,0,"","","dcs_data"
"allow_mult_open_containers","LES","LES","LES",0,1,0,"","",0,0,"","","dcs_data"
"allow_override_loc","LES","LES","LES",0,1,0,"","",1,0,"","","dcs_data"
"allow_override_put_loc","LES","LES","LES",0,1,0,"","",1,0,"","","dcs_data"
"allow_override_qty_pick","LES","LES","LES",0,1,0,"","",0,0,"","","dcs_data"
"allow_ovrshpflg","LES","LES","LES",0,1,0,"","",1,0,"","","dcs_data"
"allowoverunder","LES","LES","LES",0,1,0,"","",0,0,"","","dcs_data"
"allowprtxfer","LES","LES","LES",0,1,0,"","",0,0,"","","dcs_data"
"allw_ovrd_flg","LES","LES","LES",0,1,0,"","",1,0,"","","dcs_data"
"alw_sup_lot_chg","LES","LES","LES",0,1,0,"","",0,0,"","","sal_data"
"always_local_flg","LES","algmnt","SEAMLES",0,1,1,"","F",0,0,"","","int_data"
"app_err_flg","LES","autlinmnt","LES",0,1,0,"","",0,0,"","","dcs_data"
"appl_id","LES","PRODEFMNT","LES",0,1,0,"","LES",0,0,"","","mcs_data"
"appl_id","rdtpolmnt","rdtpolmnt","LES",0,1,1,"","dcsrdt",0,0,"","","dcs_data"
"appl_id","rdtpolovrdmnt","rdtpolovrdmnt","LES",0,1,1,"","dcsrdt",0,0,"","","dcs_data"
"apply_sddflg","LES","procordbat","LES",0,1,1,"","",0,0,"","","dcs_data"
"appt_typ","LES","apptmnt","LES",0,1,1,"","S",0,0,"","","dcs_data"
"areattachstratpol","LES","ModArePolMstWiz","LES",0,1,1,"","",0,0,"","","dcs_data"
"arecod_flg","LES","whcopy","LES",0,1,1,"","",1,0,"","","mcs_data"
"areconsovppol","LES","ModArePolMstWiz","LES",0,1,1,"","",0,0,"","","dcs_data"
"arehosttranpol","LES","ModArePolMstWiz","LES",0,1,1,"","",0,0,"","","dcs_data"
"aremoverestpol","LES","ModArePolMstWiz","LES",0,1,1,"","",0,0,"","","dcs_data"
"aremovetranidpol","LES","ModArePolMstWiz","LES",0,1,1,"","",0,0,"","","dcs_data"
"arenextmovepol","LES","ModArePolMstWiz","LES",0,1,1,"","",0,0,"","","dcs_data"
"arerectruckpol","LES","ModArePolMstWiz","LES",0,1,1,"","",0,0,"","","dcs_data"
"arereleaserulepol","LES","ModArePolMstWiz","LES",0,1,1,"","",0,0,"","","dcs_data"
"asg_lmt_flg","LES","LES","LES",0,1,0,"","",0,0,"","","mcs_data"
"asgflg","LES","locmstattrwiz","LES",0,1,0,"","",0,0,"","","dcs_data"
"asgflg","LES","locmstmnt","LES",0,1,0,"","",0,0,"","","dcs_data"
"asgflg","LES","locmstovr","LES",0,1,0,"","",0,0,"","","dcs_data"
"asgprtnum","LES","locmstmnt","LES",0,0,0,"","",0,0,"","","dcs_data"
"asset_flg","LES","whcopy","LES",0,1,1,"","",1,0,"","","mcs_data"
"asset_stat","LES","assetidentify","LES",0,1,0,"","ACT",0,0,"","","dcs_data"
"asset_stat","LES","nonserassetadjopr","LES",0,1,0,"","ACT",0,0,"","","dcs_data"
"ateseq","LES","locmstmnt","LES",0,1,0,"","",0,0,"","","dcs_data"
"atoflg","LES","ordlinmnt","LES",0,1,0,"","",0,0,"","","dcs_data"
"atoflg","LES","ordmnt","LES",0,1,0,"","",0,0,"","","dcs_data"
"attr_dte1flg","LES","prtmstmnt","LES",0,1,0,"","",0,0,"","","sal_data"
"attr_dte2flg","LES","prtmstmnt","LES",0,1,0,"","",0,0,"","","sal_data"
"attr_flt1flg","LES","prtmstmnt","LES",0,1,0,"","",0,0,"","","sal_data"
"attr_flt2flg","LES","prtmstmnt","LES",0,1,0,"","",0,0,"","","sal_data"
"attr_flt3flg","LES","prtmstmnt","LES",0,1,0,"","",0,0,"","","sal_data"
"attr_int1flg","LES","prtmstmnt","LES",0,1,0,"","",0,0,"","","sal_data"
"attr_int2flg","LES","prtmstmnt","LES",0,1,0,"","",0,0,"","","sal_data"
"attr_int3flg","LES","prtmstmnt","LES",0,1,0,"","",0,0,"","","sal_data"
"attr_int4flg","LES","prtmstmnt","LES",0,1,0,"","",0,0,"","","sal_data"
"attr_int5flg","LES","prtmstmnt","LES",0,1,0,"","",0,0,"","","sal_data"
"attr_str10flg","LES","prtmstmnt","LES",0,1,0,"","",0,0,"","","sal_data"
"attr_str11flg","LES","prtmstmnt","LES",0,1,0,"","",0,0,"","","sal_data"
"attr_str12flg","LES","prtmstmnt","LES",0,1,0,"","",0,0,"","","sal_data"
"attr_str13flg","LES","prtmstmnt","LES",0,1,0,"","",0,0,"","","sal_data"
"attr_str14flg","LES","prtmstmnt","LES",0,1,0,"","",0,0,"","","sal_data"
"attr_str15flg","LES","prtmstmnt","LES",0,1,0,"","",0,0,"","","sal_data"
"attr_str16flg","LES","prtmstmnt","LES",0,1,0,"","",0,0,"","","sal_data"
"attr_str17flg","LES","prtmstmnt","LES",0,1,0,"","",0,0,"","","sal_data"
"attr_str18flg","LES","prtmstmnt","LES",0,1,0,"","",0,0,"","","sal_data"
"attr_str1flg","LES","prtmstmnt","LES",0,1,0,"","",0,0,"","","sal_data"
"attr_str2flg","LES","prtmstmnt","LES",0,1,0,"","",0,0,"","","sal_data"
"attr_str3flg","LES","prtmstmnt","LES",0,1,0,"","",0,0,"","","sal_data"
"attr_str4flg","LES","prtmstmnt","LES",0,1,0,"","",0,0,"","","sal_data"
"attr_str5flg","LES","prtmstmnt","LES",0,1,0,"","",0,0,"","","sal_data"
"attr_str6flg","LES","prtmstmnt","LES",0,1,0,"","",0,0,"","","sal_data"
"attr_str7flg","LES","prtmstmnt","LES",0,1,0,"","",0,0,"","","sal_data"
"attr_str8flg","LES","prtmstmnt","LES",0,1,0,"","",0,0,"","","sal_data"
"attr_str9flg","LES","prtmstmnt","LES",0,1,0,"","",0,0,"","","sal_data"
"audit_by_area","LES","locaudopr","LES",0,1,1,"","",1,0,"","","dcs_data"
"audit_by_loc","LES","locaudopr","LES",0,1,1,"","",0,0,"","","dcs_data"
"aut_create_ord","LES","LES","LES",0,1,0,"","",0,0,"","","dcs_data"
"aut_gen_flg","LES","LES","LES",0,1,0,"","",0,0,"","","dcs_data"
"autclr_prcare","LES","AreMstFlagsWiz","LES",0,1,0,"","",0,0,"","","dcs_data"
"auto","LES","rcvPutaway","LES",0,1,1,"","",1,0,"","","dcs_data"
"auto","LES","rcvPutaway_1","LES",0,1,1,"","",1,0,"","","dcs_data"
"auto_add_serv","LES","SALClientMnt","LES",0,1,0,"","",0,0,"","","sal_data"
"auto_cnfrm_flg","LES","LES","LES",0,1,0,"","",0,0,"","","dcs_data"
"auto_commit","LES","SALSrvCmdOpr","LES",0,1,0,"","",1,0,"","","sal_data"
"auto_mov_flg","LES","LES","LES",0,1,0,"","",0,0,"","","dcs_data"
"auto_pop_sup_lot","LES","LES","LES",0,1,0,"","",0,0,"","","sal_data"
"auto_relpck_flg","LES","LES","LES",0,1,0,"","",0,0,"","","dcs_data"
"autocalcmfgdte","LES","LES","LES",0,1,1,"","",0,0,"","","dcs_data"
"autogen_flg","LES","trlrmgtopr","LES",0,1,0,"","",0,0,"","","dcs_data"
"avail_flg","LES","prdlinopr","LES",0,1,1,"","",1,0,"","","dcs_data"
"avg_catch","LES","rcvdtlmnt","LES",0,1,0,"","",0,0,"","","dcs_data"
"bckflg","LES","CustomerMnt","LES",0,1,0,"","",0,0,"","","sal_data"
"bckflg","LES","ordlinmnt","LES",0,1,0,"","",0,0,"","","dcs_data"
"bckflg","LES","ordmnt","LES",0,1,0,"","",0,0,"","","dcs_data"
"bco_flg","LES","ordmnt","LES",0,1,0,"","",0,0,"","","dcs_data"
"beg_adddte","LES","SALMOCAReportOpr","LES",0,1,0,"","",0,0,"","publish data where beg_adddte = to_date(to_char(sysdate, 'YYYYMMDD') || '000000', 'YYYYMMDDHH24MISS')","dcs_data"
"beg_candte","LES","SALMOCAReportOpr","LES",0,1,0,"","",0,0,"","publish data where beg_candte = to_date(to_char(sysdate, 'YYYYMMDD') || '000000', 'YYYYMMDDHH24MISS')","dcs_data"
"beg_cmpdte","LES","SALMOCAReportOpr","LES",0,1,0,"","",0,0,"","publish data where beg_cmpdte = to_date(to_char(sysdate, 'YYYYMMDD') || '000000', 'YYYYMMDDHH24MISS')","dcs_data"
"beg_cntdte","LES","SALMOCAReportOpr","LES",0,1,0,"","",0,0,"","publish data where beg_cntdte = to_date(to_char(sysdate, 'YYYYMMDD') || '000000', 'YYYYMMDDHH24MISS')","dcs_data"
"beg_dispatch_dte","LES","SALMOCAReportOpr","LES",0,1,0,"","",0,0,"","publish data where beg_dispatch_dte = to_date(to_char(sysdate, 'YYYYMMDD') || '000000', 'YYYYMMDDHH24MISS')","dcs_data"
"beg_expdte","LES","SALMOCAReportOpr","LES",0,1,0,"","",0,0,"","publish data where beg_expdte = to_date(to_char(sysdate, 'YYYYMMDD') || '000000', 'YYYYMMDDHH24MISS')","dcs_data"
"beg_hlddte","LES","SALMOCAReportOpr","LES",0,1,0,"","",0,0,"","publish data where beg_hlddte = to_date(to_char(sysdate, 'YYYYMMDD') || '000000', 'YYYYMMDDHH24MISS')","dcs_data"
"beg_mandte","LES","SALMOCAReportOpr","LES",0,1,0,"","",0,0,"","publish data where beg_mandte = to_date(to_char(sysdate, 'YYYYMMDD') || '000000', 'YYYYMMDDHH24MISS')","dcs_data"
"beg_trndte","ddamgtopr","WMD-CNTHSTDSP","LES",0,1,0,"","",0,0,"","publish data where beg_trndte = to_date(to_char(sysdate, 'YYYYMMDD') || '000000', 'YYYYMMDDHH24MISS')","dcs_data"
"beg_trndte","ddamgtopr","WMD-DLYTRN-SUMMARY","LES",0,1,0,"","",0,0,"","publish data where beg_trndte = to_date(to_char(sysdate, 'YYYYMMDD') || '000000', 'YYYYMMDDHH24MISS')","dcs_data"
"beg_trndte","LES","SALMOCAReportOpr","LES",0,1,0,"","",0,0,"","publish data where beg_trndte = to_date(to_char(sysdate, 'YYYYMMDD') || '000000', 'YYYYMMDDHH24MISS')","dcs_data"
"begdte","LES","SALMOCAReportOpr","LES",0,1,0,"","",0,0,"","publish data where begdte = to_date(to_char(sysdate, 'YYYYMMDD') || '000000', 'YYYYMMDDHH24MISS')","dcs_data"
"bill_anvstg_flg","LES","LES","LES",0,1,0,"","",0,0,"","","dcs_data"
"bill_flg","LES","doctypmnt","LES",0,1,0,"","",0,0,"","","sal_data"
"bill_freight_flg","LES","ordmnt","LES",0,1,0,"","",0,0,"","","dcs_data"
"bill_print_flg","LES","LES","LES",0,1,0,"","",0,0,"","","dcs_data"
"bldg_flg","LES","whcopy","LES",0,1,1,"","",1,0,"","","mcs_data"
"blind_flg","LES","LES","LES",0,1,0,"","",0,0,"","","dcs_data"
"blng_cyc_typ","LES","LES","LES",0,1,0,"","M",0,0,"","","dcs_data"
"blng_invc_stat2","LES","LES","LES",0,1,1,"","^billable_only^",0,0,"","","sal_data"
"box_pck_flg","LES","prtmstmnt","LES",0,1,0,"","",0,0,"","","sal_data"
"bto_obso_flg","LES","prtmstmnt","LES",0,1,0,"","",0,0,"","","sal_data"
"bto_obso_flg","LES","prtmstovrdmnt","LES",0,1,0,"","",0,0,"","","sal_data"
"bulk_pck_flg","ddamgtopr","WMD-WKOTYPMNT","LES",0,1,0,"","",1,0,"","","dcs_data"
"bulk_pck_flg","LES","procwko","LES",0,1,1,"","",1,0,"","","dcs_data"
"bulk_pck_flg","prtftpmstdfltmnt","prtftpmstdfltmnt","LES",0,1,0,"","",0,0,"","","sal_data"
"bulk_pck_flg","prtftpmstmntsupr","prtftpmstmntsupr","LES",0,1,0,"","",0,0,"","","sal_data"
"bulk_pck_flg","prtftpmstovrdmnt","prtftpmstovrdmnt","LES",0,1,0,"","",0,0,"","","sal_data"
"bulk_pck_flg","shpalocopr","procordbat","LES",0,1,1,"","",1,0,"","","dcs_data"
"bulk_pck_flg","waveopr","allocatewave","LES",0,1,1,"","",1,0,"","","dcs_data"
"bundle_flg","LES","LES","LES",0,1,0,"","",0,0,"","","dcs_data"
"cancelled_flg","LES","LES","LES",0,1,0,"","",0,0,"","","dcs_data"
"candte","canpckdsp","canpckdsp","LES",0,0,1,"","-1T|1T",0,0,"","","dcs_data"
"canflg","LES","xdkcanopr","LES",0,1,1,"","",0,0,"","","dcs_data"
"cap_fill_flg","LES","LES","LES",0,1,0,"","",1,0,"","","dcs_data"
"capture_pick_qty","LES","LES","LES",0,1,0,"","",0,0,"","","dcs_data"
"capture_put_qty","LES","LES","LES",0,1,0,"","",0,0,"","","dcs_data"
"capture_rpl_qty","LES","LES","LES",0,1,0,"","",0,0,"","","dcs_data"
"capture_trailer_id","LES","LES","LES",0,1,0,"","",0,0,"","","dcs_data"
"carflg","LES","CustomerMnt","LES",0,1,0,"","",0,0,"","","sal_data"
"carflg","LES","ordmnt","LES",0,1,0,"","",1,0,"","","dcs_data"
"cas_flg","LES","LES","LES",0,1,0,"","",0,0,"","","sal_data"
"catch_qty","LES","cntentopr","LES",0,1,1,"","",0,0.0,"","","dcs_data"
"chkCloseTrailer","LES","shpLoadTrailer","LES",0,1,1,"","",0,0,"","","dcs_data"
"chkCloseTruck","LES","clswkoopr","LES",0,1,1,"","",1,0,"","","dcs_data"
"chkDispatchTrailer","LES","clsrcvtrkopr","LES",0,1,1,"","",0,0,"","","dcs_data"
"chkDispatchTrailer","LES","shpCloseTrailer","LES",0,1,1,"","",0,0,"","","dcs_data"
"chkDispatchTrailer","LES","shpLoadTrailer","LES",0,1,1,"","",0,0,"","","dcs_data"
"chkflg","LES","specinsmnt","LES",0,1,0,"","",0,0,"","","dcs_data"
"chkForMarriedLines","LES","shpplanopr","LES",0,1,1,"","",0,0,"","","dcs_data"
"chkResetTrace","LES","ctlasyncmoca","SEAMLES",0,1,1,"","",1,0,"","","int_data"
"chkSelAllOrNoneForRealloc","LES","LES","LES",0,1,1,"","",1,0,"","","dcs_data"
"chkShowIFDTag","LES","ifdasxml","SEAMLES",0,1,1,"","",1,0,"","","int_data"
"chkShowSelAssFtp","LES","LES","LES",0,1,1,"","",0,0,"","","dcs_data"
"chkShowSelAssPrt","LES","LES","LES",0,1,1,"","",0,0,"","","dcs_data"
"chkShowSelAvaFtp","LES","LES","LES",0,1,1,"","",0,0,"","","dcs_data"
"chkShowSelAvaPrt","LES","LES","LES",0,1,1,"","",0,0,"","","dcs_data"
"chkShowShipments","LES","smlpkgopr","LES",0,1,1,"","",1,0,"","","sal_data"
"chkShowStaged","LES","shpdckopr","LES",0,1,1,"","",1,0,"","","dcs_data"
"chkShowSup","LES","LES","LES",0,1,1,"","",1,0,"","","dcs_data"
"chkShowUnstaged","LES","shpdckopr","LES",0,1,1,"","",0,0,"","","dcs_data"
"chkworkorderlines","LES","procwko","LES",0,1,1,"","",1,0,"","","dcs_data"
"chkworkorders","LES","procwko","LES",0,1,1,"","",1,0,"","","dcs_data"
"cipflg","LES","locmstmnt","LES",0,1,0,"","",0,0,"","","dcs_data"
"cipflg","LES","locmstovr","LES",0,1,0,"","",0,0,"","","dcs_data"
"client_id","LES","LES","3pl",0,1,0,"","",0,0,"","","sal_data"
"client_id","LES","LES","LES",0,1,0,"","----",0,0,"","","sal_data"
"client_id","LES","pckcanopr","LES",0,0,0,"","",0,0,"","","dcs_data"
"client_id","LES","pcklstrulsetcopy","LES",0,1,1,"","----",0,0,"","","dcs_data"
"client_id","LES","SALMOCAReportOpr","LES",0,1,0,"","",0,0,"","","sal_data"
"client_id","ordmnt","ordcopy","3pl",0,1,1,"","",0,0,"","","dcs_data"
"client_id","ordmnt","ordcopy","LES",0,1,1,"","----",0,0,"","","dcs_data"
"client_id","RPWEB","rp|mocareportopr","LES",0,1,0,"","",0,0,"","","salweb_data"
"client_id","SALClientMnt","LES","LES",0,0,0,"","",0,0,"","","sal_data"
"clr_dstloc_flg","LES","AreMstFlagsWiz","LES",0,1,0,"","",0,0,"","","dcs_data"
"cmd_btn_flg","LES","LES","LES",0,1,0,"","",0,0,"","","sal_data"
"cmp_trk_flg","LES","bommnt","LES",0,1,0,"","",1,0,"","","dcs_data"
"cmp_trk_flg","LES","wkomnt","LES",0,1,0,"","",1,0,"","","dcs_data"
"cmpflg","LES","rplcfgmnt","LES",0,0,0,"","",0,0,"","","dcs_data"
"cnfrm_val_var_nam","LES","servinsactmnt","LES",0,1,0,"","var_value",0,0,"","","dcs_data"
"cnsg_cod","LES","LES","LES",0,1,0,"","",0,0,"","","dcs_data"
"cnsg_flg","LES","rcvdtlmnt","LES",0,1,0,"","",0,0,"","","dcs_data"
"cnsg_flg","retprcopr","identify","LES",0,1,0,"","",0,0,"","","dcs_data"
"cnsg_period","LES","LES","LES",0,1,0,"","",0,0,"","","dcs_data"
"cntbck_ena_cod","LES","LES","LES",0,1,0,"","R",0,0,"","","mcs_data"
"cntbck_ena_flg","LES","LES","LES",0,1,0,"","",0,0,"","","sal_data"
"cntbck_ena_flg","LES","prtmstmnt","LES",0,1,0,"","",0,0,"","","sal_data"
"cntbck_ena_flg","LES","prtmstovrdmnt","LES",0,1,0,"","",0,0,"","","sal_data"
"cntflg","LES","AreMstFlagsWiz","LES",0,1,0,"","",1,0,"","","dcs_data"
"cnttyp","LES","ccnttmplmnt","LES",0,1,0,"","C",0,0,"","","dcs_data"
"cnttyp","LES","cntreqopr","LES",0,1,0,"","C",0,0,"","","dcs_data"
"cnzflg","LES","prtmstmnt","LES",0,1,0,"","",0,0,"","","sal_data"
"cnzflg","LES","prtmstovrdmnt","LES",0,1,0,"","",0,0,"","","sal_data"
"codflg","LES","SAL-PAY-TYPES","LES",0,1,0,"","",0,0,"","","sal_data"
"comm_mode_cd","LES","rifdmnt","SEAMLES",0,1,1,"","SYNCD",0,0,"","","int_data"
"con_pal_flg","LES","AreMstFlagsWiz","LES",0,1,0,"","",0,0,"","","dcs_data"
"confirm_license","LES","LES","LES",0,1,0,"","",0,0,"","","dcs_data"
"confirm_spoken_loc","LES","LES","LES",0,1,0,"","",0,0,"","","dcs_data"
"conflg","LES","AreMstFlagsWiz","LES",0,1,0,"","",0,0,"","","dcs_data"
"console_thresh","rflogcfgmnt","LES","LES",0,1,0,"","OFF",0,0,"","","mtf_data"
"const_flg","LES","SALFieldConfigVarDefWiz","LES",0,1,1,"","",0,0,"","","mcs_data"
"cont_typ","LES","LES","LES",0,1,0,"","NODISCOUNT",0,0,"","","dcs_data"
"container_flg","LES","LES","LES",0,1,0,"","",0,0,"","","dcs_data"
"copies","LES","rcvtrkoprPrintRpt","LES",0,1,1,"","",1,0,"","","dcs_data"
"copies","LES","SALMOCAReportPrint","LES",0,1,1,"","",1,0,"","","sal_data"
"create_only_flg","LES","LES","SEAMLES",0,1,1,"","F",0,0,"","","int_data"
"crncy_code","LES","LES","WM",0,1,0,"","USD",0,0,"","","dcs_data"
"crncy_code","LES","SALLocaleMnt","LES",0,1,0,"","",0,0,"","","mcs_data"
"crncy_code","RPWEB","LES","LES",0,1,0,"","",0,0,"","","dcsweb_data"
"CrossDocked","LES","xdkplnopr","LES",0,1,1,"","",0,0,"","","dcs_data"
"ctn_dstr_flg","LES","LES","LES",0,1,0,"","",0,0,"","","sal_data"
"ctn_flg","LES","LES","LES",0,1,0,"","",0,0,"","","sal_data"
"ctrl_typ","LES","SALFieldConfigConfigWiz","LES",0,1,1,"","VB.Textbox",0,0,"","","mcs_data"
"ctry_name","LES","LES","LES",0,1,0,"","USA",0,0,"","","mcs_data"
"ctry_name","LES","manpkgopr","LES",0,1,1,"","USA",0,0,"","","dcs_data"
"ctry_name","LES","SALCountryMnt","LES",0,1,1,"","",0,0,"","","dcs_data"
"ctry_name","LES","SALLocaleMnt","LES",0,0,1,"","USA",0,0,"","","mcs_data"
"ctry_name","RPWEB","CtyPszMnt","LES",0,0,0,"","",0,0,"","","dcsweb_data"
"ctry_name","RPWEB","StateMnt","LES",0,0,0,"","",0,0,"","","dcsweb_data"
"ctxt_flg","LES","SALFieldConfigConfigWiz","LES",0,1,1,"","",1,0,"","","mcs_data"
"cube_rem_flg","LES","LES","LES",0,1,0,"","",0,0,"","","dcs_data"
"curqvl","LES","locmstmnt","LES",0,1,0,"","0",0,0,"","","dcs_data"
"curqvl","LES","locmstovr","LES",0,1,0,"","0",0,0,"","","dcs_data"
"cust_lvl","rdtpolmnt","rdtpolmnt","LES",0,1,1,"","",10,0,"","","dcs_data"
"cust_lvl","rdtpolovrdmnt","rdtpolovrdmnt","LES",0,1,1,"","",10,0,"","","dcs_data"
"cust_lvl","rfformmnt","LES","LES",0,1,0,"","",0,0,"","get warehouse id | list policies where polcod = 'SYSTEM-INFORMATION' and polvar = 'CUSTOMIZATION-LEVEL' and polval = 'DEFAULT' and wh_id = @wh_id | publish data where cust_lvl = @rtnum1","mtf_data"
"customs_clr_flg","LES","LES","LES",0,1,0,"","",0,0,"","","dcs_data"
"data_typ_cd","LES","LES","SEAMLES",0,1,1,"","C",0,0,"","","int_data"
"day_of_week","LES","LES","LES",0,1,0,"","0",0,0,"","","dcs_data"
"def_wh_flg","LES","whmnt","LES",0,1,0,"","",0,0,"","","mcs_data"
"default_bulk_pick_flg","LES","LES","LES",0,1,0,"","",1,0,"","","dcs_data"
"default_shp_release_flg","LES","LES","LES",0,1,0,"","",1,0,"","","dcs_data"
"default_wko_release_flg","LES","LES","LES",0,1,0,"","",1,0,"","","dcs_data"
"defflg","LES","LES","LES",0,1,0,"","",0,0,"","","dcs_data"
"deliver_at_close_container","LES","LES","LES",0,1,0,"","",0,0,"","","dcs_data"
"delv_flg","LES","trlrmgtopr","LES",0,1,0,"","",0,0,"","","dcs_data"
"desc_flg","LES","rifdsegmnt","SEAMLES",0,1,1,"","",0,0,"","","int_data"
"detailparam","LES","LES","LES",0,1,1,"","^detail^",0,0,"","","sal_data"
"dev_flg","LES","whcopy","LES",0,1,1,"","",1,0,"","","mcs_data"
"diff_usr_flg","LES","LES","LES",0,1,0,"","",0,0,"","","dcs_data"
"dig_sig_req_flg","LES","LES","LES",0,1,0,"","",0,0,"","","sal_data"
"dir_flg","LES","TrnspModMnt","LES",0,1,0,"","",0,0,"","","dcs_data"
"direction","LES","WCSEVTMNT","LES",0,1,1,"","X",0,0,"","","dcs_data"
"dirlocreq","LES","rdtpolmnt","LES",0,1,1,"","",1,0,"","","dcs_data"
"dirlocreq","LES","rdtpolovrdmnt","LES",0,1,1,"","",1,0,"","","dcs_data"
"dis_sgl_flg","LES","SALFieldConfigLkpWiz","LES",0,1,1,"","",1,0,"","","sal_data"
"disass_flg","LES","LES","LES",0,1,0,"","",0,0,"","","dcs_data"
"dispatch_flg","LES","AreMstFlagsWiz","LES",0,1,0,"","",0,0,"","","dcs_data"
"distro_ovrflg","LES","LES","LES",0,1,0,"","",0,0,"","","dcs_data"
"dlv_flg","AuthMnt","LES","LES",0,1,0,"","",0,0,"","","mcs_data"
"docqty","LES","compcfgmnt","LES",0,1,0,"","",1,0,"","","sal_data"
"dsp_auto_flg","LES","LES","LES",0,1,0,"","",0,0,"","","dcs_data"
"dsp_prt_flg","LES","LES","LES",0,1,0,"","",0,0,"","","sal_data"
"dst_arecod_flg","LES","pckpolmnt","LES",0,1,0,"","",0,0,"","","dcs_data"
"dst_wh_id","LES","AreNextMoveModalWiz","LES",0,1,1,"","",0,0,"","if (@@wh_id = '') {get warehouse id} else {publish data where wh_id = @@wh_id}","dcs_data"
"dstr_flg","LES","AreMstFlagsWiz","LES",0,1,0,"","",0,0,"","","dcs_data"
"dtcflg","LES","LES","LES",0,1,0,"","",0,0,"","","sal_data"
"dte_win_typ","LES","prtmstmnt","LES",0,1,0,"","F",0,0,"","","sal_data"
"dtlflg","LES","allocatewave","LES",0,1,1,"","",1,0,"","","dcs_data"
"dtlflg","LES","AreMstFlagsWiz","LES",0,1,0,"","",1,0,"","","dcs_data"
"dtlflg","LES","procordbat","LES",0,1,1,"","",1,0,"","","dcs_data"
"dtlflg","LES","procwko","LES",0,1,1,"","",1,0,"","","dcs_data"
"dtlflg","LES","releasewave","LES",0,1,1,"","",1,0,"","","dcs_data"
"dtlflg","RPWEB","wmd|releasewave","LES",0,1,1,"","",1,0,"","","dcsweb_data"
"dty_stmp_flg","LES","identify","LES",0,1,0,"","",0,0,"","","dcs_data"
"dty_stmp_trk_flg","LES","prtmstmnt","LES",0,1,0,"","",0,0,"","","sal_data"
"dty_stmp_trk_flg","LES","prtmstovrdmnt","LES",0,1,0,"","",0,0,"","","sal_data"
"dyn_slot_flg","LES","LES","LES",0,1,0,"","",0,0,"","","dcs_data"
"edtflg","LES","LES","LES",0,1,0,"","",0,0,"","","dcs_data"
"ena_ems_flg","LES","SALMOCAReportMnt","LES",0,1,0,"","",1,0,"","","sal_data"
"ena_ems_flg","RPWEB","rp|mocareportmnt","LES",0,1,0,"","",1,0,"","","salweb_data"
"ena_flg","LES","iifdmnt","SEAMLES",0,1,1,"","T",0,0,"","","int_data"
"ena_flg","LES","LES","LES",0,1,0,"","",1,0,"","","mcs_data"
"ena_flg","LES","rifdmnt","SEAMLES",0,1,1,"","T",0,0,"","","int_data"
"ena_flg","LES","rp|mod_role","LES",0,1,1,"","",1,0,"","","sal_data"
"ena_flg","LES","SALFieldConfigConfigWiz","LES",0,1,1,"","",1,0,"","","mcs_data"
"ena_flg","LES","SALFieldConfigInpCtrlWiz","LES",0,1,1,"","",1,0,"","","mcs_data"
"ena_flg","LES","SALFieldConfigLkpWiz","LES",0,1,1,"","",1,0,"","","mcs_data"
"ena_flg","LES","SALFieldConfigVarDefWiz","LES",0,1,1,"","",1,0,"","","mcs_data"
"ena_flg","LES","SALLesCustFldMnt","LES",0,1,1,"","",1,0,"","","sal_data"
"ena_flg","LES","sysmnt","SEAMLES",0,1,1,"","F",0,0,"","","int_data"
"ena_flg","LES","WebSrvAction","LES",0,1,1,"","",1,0,"","","sal_data"
"ena_flg","RPWEB","LES","LES",0,1,1,"","",0,0,"","","dcsweb_data"
"ena_flg","SALMnuOptMnt","LES","LES",0,1,0,"","",1,0,"","","sal_data"
"ena_flg","SALUsrConfig","LES","LES",0,1,0,"","",1,0,"","","sal_data"
"enaflg","LES","hldmstmnt","LES",0,1,0,"","",1,0,"","","dcs_data"
"enbflg","LES","LES","LES",0,1,1,"","",1,0,"","","sal_data"
"enbflg","LES","schagtopr","LES",0,1,0,"","",1,0,"","","sal_data"
"enbflg","RPWEB","LES","LES",0,1,0,"","",1,0,"","","sal_data"
"end_adddte","LES","SALMOCAReportOpr","LES",0,1,0,"","",0,0,"","publish data where end_adddte = to_date(to_char(sysdate, 'YYYYMMDD') || '235959', 'YYYYMMDDHH24MISS')","dcs_data"
"end_candte","LES","SALMOCAReportOpr","LES",0,1,0,"","",0,0,"","publish data where end_candte = to_date(to_char(sysdate, 'YYYYMMDD') || '235959', 'YYYYMMDDHH24MISS')","dcs_data"
"end_cmpdte","LES","SALMOCAReportOpr","LES",0,1,0,"","",0,0,"","publish data where end_cmpdte = to_date(to_char(sysdate, 'YYYYMMDD') || '235959', 'YYYYMMDDHH24MISS')","dcs_data"
"end_cntdte","LES","SALMOCAReportOpr","LES",0,1,0,"","",0,0,"","publish data where end_cntdte = to_date(to_char(sysdate, 'YYYYMMDD') || '235959', 'YYYYMMDDHH24MISS')","dcs_data"
"end_dispatch_dte","LES","SALMOCAReportOpr","LES",0,1,0,"","",0,0,"","publish data where end_dispatch_dte = to_date(to_char(sysdate, 'YYYYMMDD') || '235959', 'YYYYMMDDHH24MISS')","dcs_data"
"end_expdte","LES","SALMOCAReportOpr","LES",0,1,0,"","",0,0,"","publish data where end_expdte = to_date(to_char(sysdate, 'YYYYMMDD') || '235959', 'YYYYMMDDHH24MISS')","dcs_data"
"end_hlddte","LES","SALMOCAReportOpr","LES",0,1,0,"","",0,0,"","publish data where end_hlddte = to_date(to_char(sysdate, 'YYYYMMDD') || '235959', 'YYYYMMDDHH24MISS')","dcs_data"
"end_mandte","LES","SALMOCAReportOpr","LES",0,1,0,"","",0,0,"","publish data where end_mandte = to_date(to_char(sysdate, 'YYYYMMDD') || '235959', 'YYYYMMDDHH24MISS')","dcs_data"
"end_trndte","LES","SALMOCAReportOpr","LES",0,1,0,"","",0,0,"","publish data where end_trndte = to_date(to_char(sysdate, 'YYYYMMDD') || '235959', 'YYYYMMDDHH24MISS')","dcs_data"
"enddte","LES","SALMOCAReportOpr","LES",0,1,0,"","",0,0,"","publish data where enddte = to_date(to_char(sysdate, 'YYYYMMDD') || '235959', 'YYYYMMDDHH24MISS')","dcs_data"
"errflg","dcsrdt","TOOLS_CANCEL_PICK","LES",10,1,1,"1","",1,0,"","",""
"errflg","LES","LES","LES",0,1,1,"","",1,0,"","","sal_data"
"errflg","LES","schagtopr","LES",0,1,0,"","",1,0,"","","sal_data"
"errflg","RPWEB","LES","LES",0,1,0,"","",1,0,"","","sal_data"
"esc_shpdte_field","LES","LES","LES",0,1,0,"","late_shpdte",0,0,"","","dcs_data"
"eval_dtcflg","LES","LES","LES",0,1,1,"","",0,0,"","","dcs_data"
"exact_cust_lvl","SALMLSCatMnt","LES","LES",0,1,1,"","",0,0,"","","sal_data"
"excl_flg","LES","LES","LES",0,1,0,"","",0,0,"","","dcs_data"
"excl_flg","LES","prdlinmnt","LES",0,1,0,"","",1,0,"","","dcs_data"
"exp_age_flg","LES","agepfldtl","LES",0,1,1,"","",0,0,"","","dcs_data"
"expflg","LES","AreMstFlagsWiz","LES",0,1,0,"","",0,0,"","","dcs_data"
"expire_flg","LES","agepfldtl","LES",0,1,1,"","",0,0,"","","dcs_data"
"ext_ath_flg","AuthMnt","ctlUsrMnt","LES",0,1,0,"","",0,0,"","","mcs_data"
"fifflg","LES","AreMstFlagsWiz","LES",0,1,0,"","",1,0,"","","dcs_data"
"file_thresh","rflogcfgmnt","LES","LES",0,1,0,"","ERROR",0,0,"","","mtf_data"
"find_matching_kits","LES","invdsp","LES",0,1,1,"","",0,0,"","","dcs_data"
"find_matching_kits","LES","invdspmw","LES",0,1,1,"","",0,0,"","","dcs_data"
"fld_delim","LES","loadfileopr","LES",0,1,1,"","",0,0,"","[select nvl(thousands_sep,',') fld_delim from locale_parm where locale_id = @@locale_id]","mcs_data"
"fld_jus_cd","LES","LES","SEAMLES",0,1,1,"","N",0,0,"","","int_data"
"fld_trm_cd","LES","LES","SEAMLES",0,1,1,"","N",0,0,"","","int_data"
"fluid_load_flg","LES","cardtlmnt","LES",0,1,0,"","",1,0,"","","dcs_data"
"frm_id","LES","rdtpolmnt","LES",0,1,1,"","LES",0,0,"","","dcs_data"
"frm_id","LES","rdtpolovrdmnt","LES",0,1,1,"","LES",0,0,"","","dcs_data"
"frm_tran_dt","LES","LES","LES",0,1,0,"","",0,0,"","publish data where frm_tran_dt = to_date(to_char(sysdate, 'YYYYMMDD') || '000000', 'YYYYMMDDHH24MISS')","dcs_data"
"frsflg","LES","LES","LES",0,1,0,"","",0,0,"","","dcs_data"
"frsflg","LES","selecttool","LES",0,0,0,"","",0,0,"","","dcs_data"
"ftl_flg","LES","AreMstFlagsWiz","LES",0,1,0,"","",0,0,"","","dcs_data"
"future_flg","LES","hldmstmnt","LES",0,1,0,"","",0,0,"","","dcs_data"
"fwiflg","LES","AreMstFlagsWiz","LES",0,1,0,"","",1,0,"","","dcs_data"
"ground_flg","LES","carxrfmnt","LES",0,1,0,"","",0,0,"","","dcs_data"
"grswgt","prtftpmstdfltmnt","prtftpmstdfltmnt","LES",0,1,0,"","",0,0,"","","sal_data"
"grswgt","prtmstdfltmnt","prtftpmstdfltmnt","LES",0,1,0,"","",0,0,"","","sal_data"
"gui_frm_id","LES","servinsactmnt","LES",0,1,0,"","servcnfvalopr",0,0,"","","dcs_data"
"hazmat_flg","LES","prtmstmnt","LES",0,1,0,"","",0,0,"","","sal_data"
"hazmat_flg","LES","prtmstovrdmnt","LES",0,1,0,"","",0,0,"","","sal_data"
"hid_flg","LES","frmPmsnCtlAssoc","LES",0,1,1,"","",1,0,"","","mcs_data"
"hldflg","LES","LES","LES",0,1,0,"","",0,0,"","","dcs_data"
"hldpfx","LES","LES","LES",0,1,0,"","",0,0,"","get default hold prefix where wh_id = nvl(@wh_id, @@wh_id)","dcs_data"
"homog_adj_flg","LES","LES","LES",0,1,0,"","",0,0,"","","dcs_data"
"hot_flg","LES","rcvtrkopr","LES",0,1,0,"","",0,0,"","","dcs_data"
"hot_flg","LES","trlrmgtopr","LES",0,1,0,"","",0,0,"","","dcs_data"
"icnflg","LES","AreMstFlagsWiz","LES",0,1,0,"","",1,0,"","","dcs_data"
"idnqty","LES","rcvdtlmnt","LES",0,1,0,"","",0,0,"","","dcs_data"
"ifd_fld_class_cd","LES","rifdsegmnt","SEAMLES",0,1,1,"","CO",0,0,"","","int_data"
"ifd_typ_cd","LES","rifdmnt","SEAMLES",0,1,1,"","O",0,0,"","","int_data"
"ignore_cancel","LES","waveopr","LES",0,1,1,"","",1,0,"","","dcs_data"
"ignore_complete","LES","waveopr","LES",0,1,1,"","",1,0,"","","dcs_data"
"ignore_con_flg","LES","prtmstmnt","LES",0,1,0,"","",0,0,"","","sal_data"
"ignore_con_flg","LES","prtmstovrdmnt","LES",0,1,0,"","",0,0,"","","sal_data"
"ignoreClosedFlg","LES","LES","LES",0,1,1,"","",1,0,"","","dcs_data"
"immed","LES","shpadjput","LES",0,1,1,"","",1,0,"","","dcs_data"
"immed","LES","stktrnopr","LES",0,1,1,"","",1,0,"","","dcs_data"
"immediate","LES","rcvPutaway","LES",0,1,1,"","",1,0,"","","dcs_data"
"immediate","LES","rcvPutaway_1","LES",0,1,1,"","",1,0,"","","dcs_data"
"inc_pct_flg","LES","rplcfgmnt","LES",0,1,0,"","",0,0,"","","dcs_data"
"incl_wko_flg","LES","invchgopr","LES",0,1,1,"","",0,0,"","","dcs_data"
"indflg","LES","actcodmnt","LES",0,1,0,"","",0,0,"","","sal_data"
"inhibit_ifd_group_flg","LES","commmthdmnt","SEAMLES",0,1,1,"","F",0,0,"","","int_data"
"init_sts","LES","LES","LES",0,1,0,"","PEND",0,0,"","","dcs_data"
"inp_mask_pos","LES","SALFieldConfigInpCtrlWiz","LES",0,1,1,"","",0,0,"","","sal_data"
"insflg","LES","prtmstmnt","LES",0,1,0,"","",0,0,"","","sal_data"
"insflg","LES","prtmstovrdmnt","LES",0,1,0,"","",0,0,"","","sal_data"
"intl_flg","LES","cardtlmnt","LES",0,1,1,"","",0,0,"","","dcs_data"
"invalid_flg","LES","CtyPszMnt","LES",0,1,0,"","",0,0,"","","sal_data"
"invsts_chg_flg","hldmstmnt","hldmstmnt","LES",0,1,0,"","",1,0,"","","dcs_data"
"iso_crncy_flg","LES","SALClientMnt","LES",0,1,0,"","",0,0,"","","sal_data"
"keep_days","LES","SALMOCAReportMnt","LES",0,1,0,"","",14,0,"","","sal_data"
"keep_days","RPWEB","rp|mocareportmnt","LES",0,1,0,"","",14,0,"","","salweb_data"
"lbl_on_split","LES","AreMstFlagsWiz","LES",0,1,0,"","",0,0,"","","dcs_data"
"lblflg","LES","LES","LES",0,1,0,"","",0,0,"","","dcs_data"
"lblIdleCalls","LES","ctlasyncmoca","SEAMLES",0,1,1,"","",0,0,"","","int_data"
"lblOpen","LES","smlpkgopr","LES",0,1,1,"","",1,0,"","","sal_data"
"legend_pos","LES","frmChartMnt","LES",0,1,0,"","",0,0,"","","mcs_data"
"lens_cust_client_id","LES","LES","3pl",0,1,0,"","",0,0,"","","dcs_data"
"lens_cust_client_id","LES","LES","LES",0,1,0,"","----",0,0,"","","dcs_data"
"linear_mu","LES","localemnt","LES",0,1,0,"","inch, US",0,0,"","","sal_data"
"linqty","LES","clswkodtl","LES",0,1,0,"","",0,0,"","","dcs_data"
"live_load_flg","LES","LES","LES",0,1,0,"","",0,0,"","","dcs_data"
"lms_flg","LES","actcodmnt","LES",0,1,0,"","",0,0,"","","sal_data"
"load_tracked_flg","LES","LES","LES",0,1,0,"","",0,0,"","","dcs_data"
"loc_id_flg","whmnt","whcopy","LES",0,1,1,"","",1,0,"","","mcs_data"
"locale_id","AthMnt","LES","LES",0,1,0,"","US_ENGLISH",0,0,"","","sal_data"
"locale_id","RPWEB","mod_usr_info","LES",0,1,0,"","US_ENGLISH",0,0,"","","sal_data"
"locale_id","SALUsrConfig","LES","LES",0,1,0,"","US_ENGLISH",0,0,"","","sal_data"
"locasg","LES","locpreflst","LES",0,1,0,"","",0,0,"","","dcs_data"
"loccod","LES","AreWipBldgWiz","LES",0,1,1,"","P",0,0,"","","dcs_data"
"lock_usr_flg","LES","carmovemnt","LES",0,1,0,"","",0,0,"","","dcs_data"
"lock_usr_flg","LES","LES","LES",0,1,0,"","",0,0,"","","dcs_data"
"locsts","LES","locmstmnt","LES",0,1,0,"","E",0,0,"","","dcs_data"
"locsts","LES","locmstovr","LES",0,1,0,"","E",0,0,"","","dcs_data"
"lodflg","LES","allocatewave","LES",0,1,1,"","",1,0,"","","dcs_data"
"lodflg","LES","AreMstFlagsWiz","LES",0,1,0,"","",1,0,"","","dcs_data"
"lodflg","LES","procordbat","LES",0,1,1,"","",1,0,"","","dcs_data"
"lodflg","LES","procwko","LES",0,1,1,"","",1,0,"","","dcs_data"
"lodflg","LES","releasewave","LES",0,1,1,"","",1,0,"","","dcs_data"
"lodflg","RPWEB","wmd|releasewave","LES",0,1,1,"","",1,0,"","","dcsweb_data"
"lodlvl","LES","inbservopr","LES",0,1,0,"","L",1,0,"","","dcs_data"
"log_evt_flg","LES","evtmnt","SEAMLES",0,1,1,"","F",0,0,"","","int_data"
"log_file_name","rflogcfgmnt","LES","LES",0,1,0,"","${LESDIR}/log/mtf_server_log.log",0,0,"","","mtf_data"
"log_lvl","rflogcfgmnt","LES","LES",0,1,0,"","ALL",0,0,"","","mtf_data"
"lot_anniv_flg","LES","SALClientMnt","LES",0,1,0,"","",0,0,"","","sal_data"
"lotflg","LES","prtmstmnt","LES",0,1,0,"","",0,0,"","","sal_data"
"lotflg","LES","prtmstovrdmnt","LES",0,1,0,"","",0,0,"","","sal_data"
"lpncnt_lodlvl","LES","LES","LES",0,1,0,"","",0,0,"","","dcs_data"
"lpncntflg","LES","LES","LES",0,1,0,"","",0,0,"","","dcs_data"
"lst_pck_asset_flg","LES","LES","LES",0,1,0,"","",0,0,"","","dcs_data"
"manflg","LES","manpkgopr","LES",0,1,1,"","",0,0,"","","sal_data"
"matchcase","LES","FindPolicy","LES",0,1,1,"","",0,0,"","","sal_data"
"matchexact","LES","FindPolicy","LES",0,1,1,"","",0,0,"","","sal_data"
"max_bkp_idx","rflogcfgmnt","LES","LES",0,1,0,"","10",0,0,"","","mtf_data"
"max_chrg","LES","blgdtlopr","LES",0,1,0,"","",0,0,"","","sal_data"
"max_file_size","rflogcfgmnt","LES","LES",0,1,0,"","10MB",0,0,"","","mtf_data"
"max_prob_qty","LES","LES","LES",0,1,0,"","",100,0,"","","dcs_data"
"max_rows","LES","ctlerrorviewer","SEAMLES",0,1,1,"","",10000,0,"","","int_data"
"mc_emp_cost","AuthMnt","ctlCopyUsr","LES",0,0,0,"","",0,0,"","","mcs_data"
"min_chrg","LES","blgdtlopr","LES",0,1,0,"","",0,0,"","","sal_data"
"min_cust_lvl","SALMLSCatMnt","LES","LES",0,1,1,"","",0,0,"","","sal_data"
"mix_shprcv_flg","LES","LES","LES",0,1,0,"","",0,0,"","","dcs_data"
"mixed_prt_flg","LES","LES","LES",0,1,1,"","",0,0,"","","dcs_data"
"mnu_seq","AthMnt","LES","LES",0,1,0,"","",0,0,"","","sal_data"
"moca_sys_flg","LES","sysmnt","SEAMLES",0,1,1,"","F",0,0,"","","int_data"
"modify_where_clause","LES","SALMgmntOpr","LES",0,1,1,"","",0,0,"","","sal_data"
"module_height","LES","WEBDASHMNT","LES",0,1,0,"","",200,0,"","","sal_data"
"module_height","RPWEB","WEBDASHMNT","LES",0,1,0,"","",0,0,"","","sal_data"
"months","LES","LES","LES",0,1,1,"","",0,0,"","","dcs_data"
"moveImmedFlg","LES","ChangeCarrier","LES",0,1,1,"","",0,0,"","","dcs_data"
"moveImmedFlg","RPWEB","wmd|changecarrier","LES",0,1,1,"","",0,0,"","","dcsweb_data"
"mult_line_flg","LES","SALFieldConfigInpCtrlWiz","LES",0,1,1,"","",0,0,"","","mcs_data"
"multi_flg","LES","WEBDASHMNT","LES",0,1,0,"","",1,0,"","","sal_data"
"multi_select_flg","LES","SALMgmntOprMnt","LES",0,1,0,"","",0,0,"","","sal_data"
"mvlflg","LES","LES","LES",0,1,0,"","",0,0,"","","dcs_data"
"nav_bar_seq","AthMnt","LES","LES",0,1,0,"","",0,0,"","","sal_data"
"need_evt_arg_flg","LES","algmnt","SEAMLES",0,1,1,"","F",0,0,"","","int_data"
"need_evt_flg","LES","algmnt","SEAMLES",0,1,1,"","F",0,0,"","","int_data"
"need_next_eo_seg_flg","LES","algmnt","SEAMLES",0,1,1,"","F",0,0,"","","int_data"
"need_this_eo_seg_flg","LES","algmnt","SEAMLES",0,1,1,"","F",0,0,"","","int_data"
"netwgt","prtftpmstdfltmnt","prtftpmstdfltmnt","LES",0,1,0,"","",0,0,"","","sal_data"
"netwgt","prtmstdfltmnt","prtftpmstdfltmnt","LES",0,1,0,"","",0,0,"","","sal_data"
"nocomp_flg","LES","LES","LES",0,1,0,"","",0,0,"","","dcs_data"
"non_alc_flg","LES","ordlinmnt","LES",0,1,0,"","",0,0,"","","dcs_data"
"non_alc_flg","LES","ordmnt","LES",0,1,0,"","",0,0,"","","dcs_data"
"nottyp","ordmnt","LES","LES",0,1,0,"","GEN",0,0,"","","dcs_data"
"NumberOfLabels","LES","rcvPutaway","LES",0,1,1,"","",2,0,"","","dcs_data"
"NumberOfLabels","LES","rcvPutaway_1","LES",0,1,1,"","",2,0,"","","dcs_data"
"only_apply_unassigned_shipments","LES","procordbat","LES",0,1,0,"","",0,0,"","","dcs_data"
"only_use_existing_carriers","LES","procordbat","LES",0,1,0,"","",0,0,"","","dcs_data"
"oosflg","LES","WMD-ZONMSTMNT","LES",0,1,0,"","",0,0,"","","dcs_data"
"optActCustLvl","SALMLSCatMnt","LES","LES",0,1,1,"","",1,0,"","","sal_data"
"optActiveShipments","LES","pckinvdsp","LES",0,1,1,"","",1,0,"","","dcs_data"
"optAllIssues","LES","inbqltmnt","LES",0,1,1,"","",1,0,"","","dcs_data"
"optAllSessions","LES","playadjust","LES",0,1,1,"","",0,0,"","","dcs_data"
"optAttachAny","LES","AreAttachStratWiz","LES",0,1,1,"","",0,0,"","","dcs_data"
"optAttachIfExists","LES","AreAttachStratWiz","LES",0,1,1,"","",0,0,"","","dcs_data"
"optAttachIfUnique","LES","AreAttachStratWiz","LES",0,1,1,"","",0,0,"","","dcs_data"
"optByLoc","LES","pckinvdsp","LES",0,1,1,"","",1,0,"","","dcs_data"
"optConstant","LES","locnamwizsegment","LES",0,1,1,"","",1,0,"","","dcs_data"
"optCopy","LES","locmstcopywiz","LES",0,1,1,"","",1,0,"","","dcs_data"
"optCurInvCases","LES","invdspdtl","LES",0,0,1,"","",1,0,"","","dcs_data"
"optCurInvCases","RPWEB","wmd|invdspdtl","LES",0,0,1,"","",1,0,"","","dcsweb_data"
"optCurInvDetail","LES","invdspdtl","LES",0,1,1,"","",1,0,"","","dcs_data"
"optCurInvDetail","RPWEB","wmd|invdspdtl","LES",0,1,1,"","",1,0,"","","dcsweb_data"
"optCurInvLoads","LES","invdspdtl","LES",0,0,1,"","",1,0,"","","dcs_data"
"optCurInvLoads","LES","locdsp","LES",0,1,1,"","",1,0,"","","dcs_data"
"optCurInvLoads","LES","rcvtrkinvdsp","LES",0,1,1,"","",1,0,"","","dcs_data"
"optCurInvLoads","RPWEB","wmd|invdspdtl","LES",0,0,1,"","",1,0,"","","dcsweb_data"
"optCurInvLoads","RPWEB","wmd|rcvtrkinvdsp","LES",0,1,1,"","",1,0,"","","dcsweb_data"
"optDetail","LES","AreHostLvlWiz","LES",0,1,1,"","",0,0,"","","dcs_data"
"optDetail","LES","wkosumdsp","LES",0,1,1,"","",1,0,"","","dcs_data"
"optExpire_dte","LES","AreHostLvlWiz","LES",0,1,1,"","",0,0,"","","dcs_data"
"optFinInvLoads","LES","wkoalocsumdsp","LES",0,1,1,"","",1,0,"","","dcs_data"
"optFinInvLoads","LES","wkoopr","LES",0,1,1,"","",1,0,"","","dcs_data"
"optFinInvLoads","LES","wkosumdsp","LES",0,1,1,"","",1,0,"","","dcs_data"
"optImmediate","LES","clsrcvtrkopr","LES",0,1,1,"","",1,0,"","","dcs_data"
"optImmediate","LES","movtrlropr","LES",0,1,1,"","",1,0,"","","dcs_data"
"optImmediate","LES","shpCloseTrailer","LES",0,1,1,"","",1,0,"","","dcs_data"
"optInvCases","LES","invdsp","LES",0,0,1,"","",1,0,"","","dcs_data"
"optInvDetails","LES","invdsp","LES",0,0,1,"","",1,0,"","","dcs_data"
"optInvLoads","LES","invdsp","LES",0,0,1,"","",1,0,"","","dcs_data"
"optInvLocation","LES","invdsp","LES",0,1,1,"","",1,0,"","","dcs_data"
"optInvLocation","LES","invdspmw","LES",0,1,1,"","",1,0,"","","dcs_data"
"optInvLocation","LES","rcvinvdsp","LES",0,1,1,"","",1,0,"","","dcs_data"
"optInvsts","LES","AreHostLvlWiz","LES",0,1,1,"","",1,0,"","","dcs_data"
"optLoads","LES","shpspltopr","LES",0,1,1,"","",1,0,"","","dcs_data"
"optLoads","LES","wkoalocsumdsp","LES",0,1,1,"","",1,0,"","","dcs_data"
"optLoads","LES","wkosumdsp","LES",0,1,1,"","",1,0,"","","dcs_data"
"optLotnum","LES","AreHostLvlWiz","LES",0,1,1,"","",0,0,"","","dcs_data"
"optMandte","LES","AreHostLvlWiz","LES",0,1,1,"","",0,0,"","","dcs_data"
"optManual","LES","AreMstTemplateWiz","LES",0,1,1,"","",0,0,"","","dcs_data"
"optMoveImmed","LES","shpLoadTrailer","LES",0,1,1,"","",1,0,"","","dcs_data"
"optNever","LES","AreAttachStratWiz","LES",0,1,1,"","",1,0,"","","dcs_data"
"optNo","LES","AreMstWipWiz","LES",0,1,1,"","",1,0,"","","dcs_data"
"optNo","LES","AreWipBldgWiz","LES",0,1,1,"","",1,0,"","","dcs_data"
"optOrd","LES","ordcancelopr","LES",0,1,1,"","",1,0,"","","dcs_data"
"optOrdLin","LES","ordcancelopr","LES",0,1,1,"","",0,0,"","","dcs_data"
"optOrgcod","LES","AreHostLvlWiz","LES",0,1,1,"","",0,0,"","","dcs_data"
"optPendInvCases","LES","invdspdtl","LES",0,0,1,"","",1,0,"","","dcs_data"
"optPendInvCases","RPWEB","wmd|invdspdtl","LES",0,0,1,"","",1,0,"","","dcsweb_data"
"optPendInvDetail","LES","invdspdtl","LES",0,1,1,"","",1,0,"","","dcs_data"
"optPendInvDetail","RPWEB","wmd|invdspdtl","LES",0,1,1,"","",1,0,"","","dcsweb_data"
"optPendInvLoads","LES","invdspdtl","LES",0,0,1,"","",1,0,"","","dcs_data"
"optPendInvLoads","LES","locdsp","LES",0,1,1,"","",1,0,"","","dcs_data"
"optPendInvLoads","RPWEB","wmd|invdspdtl","LES",0,0,1,"","",1,0,"","","dcsweb_data"
"optPickInvLoads","LES","wkoalocsumdsp","LES",0,1,1,"","",1,0,"","","dcs_data"
"optPickInvLoads","LES","wkoopr","LES",0,1,1,"","",1,0,"","","dcs_data"
"optPickInvLoads","LES","wkosumdsp","LES",0,1,1,"","",1,0,"","","dcs_data"
"optPickPolicies","LES","pckpolmnt","LES",0,1,1,"","",1,0,"","","dcs_data"
"optPRCT","LES","prdovrrcpprtnum","LES",0,1,1,"","",1,0,"","","dcs_data"
"optPRCT","LES","prdovrrcpsupnum","LES",0,1,1,"","",1,0,"","","dcs_data"
"optRemainingPicks","LES","carmovdsp","LES",0,1,1,"","",1,0,"","","dcs_data"
"optRemainingPicks","LES","sphandopr","LES",0,1,1,"","",1,0,"","","dcs_data"
"optRemainingPicks","LES","wkoalocsumdsp","LES",0,1,1,"","",1,0,"","","dcs_data"
"optRemainingPicks","LES","wkosumdsp","LES",0,1,1,"","",1,0,"","","dcs_data"
"optReplenByConfig","LES","LES","LES",0,1,1,"","",0,0,"","","dcs_data"
"optReplenByPart","LES","LES","LES",0,1,1,"","",1,0,"","","dcs_data"
"optReplenByPartArea","LES","LES","LES",0,1,1,"","",0,0,"","","dcs_data"
"optRevlvl","LES","AreHostLvlWiz","LES",0,1,1,"","",0,0,"","","dcs_data"
"optSessionOnly","LES","playadjust","LES",0,1,1,"","",1,0,"","","dcs_data"
"optShipment","LES","shpcanopr","LES",0,1,1,"","",1,0,"","","dcs_data"
"optShipmentLine","LES","shpcanopr","LES",0,1,1,"","",0,0,"","","dcs_data"
"optSingleLoc","LES","locmstsetupwiz","LES",0,1,1,"","",1,0,"","","dcs_data"
"optSummary","LES","AreHostLvlWiz","LES",0,1,1,"","",1,0,"","","dcs_data"
"optTemplate","LES","AreMstTemplateWiz","LES",0,1,1,"","",1,0,"","","dcs_data"
"optTemplate","LES","locmstsetupwiz","LES",0,1,1,"","",1,0,"","","dcs_data"
"optUQTY","LES","prdovrrcpprtnum","LES",0,0,1,"","",1,0,"","","dcs_data"
"optUQTY","LES","prdovrrcpsupnum","LES",0,0,1,"","",1,0,"","","dcs_data"
"optUsrLevel","LES","SALFieldConfigFldnamWiz","LES",0,1,1,"","",1,0,"","","mcs_data"
"optViewLocation","LES","locmapdsp","LES",0,1,1,"","",1,0,"","","dcs_data"
"optViewLocUse","LES","locmapdsp","LES",0,1,1,"","",1,0,"","","dcs_data"
"optViewWavDtl","LES","planwavesumres","LES",0,1,1,"","",1,0,"","","dcs_data"
"optViewWavDtl","RPWEB","wmd|planwavesumres","LES",0,1,1,"","",1,0,"","","dcsweb_data"
"optWorkQueue","LES","clsrcvtrkopr","LES",0,1,1,"","",0,0,"","","dcs_data"
"optWorkQueue","LES","movtrlropr","LES",0,1,0,"","",0,0,"","","dcs_data"
"optWorkQueue","LES","shpCloseTrailer","LES",0,1,1,"","",0,0,"","","dcs_data"
"optWorkQueue","LES","shpLoadTrailer","LES",0,1,1,"","",1,0,"","","dcs_data"
"orgflg","LES","prtmstmnt","LES",0,1,0,"","",0,0,"","","sal_data"
"orgflg","LES","prtmstovrdmnt","LES",0,1,0,"","",0,0,"","","sal_data"
"ovaflg","LES","ordlinmnt","LES",0,1,0,"","",0,0,"","","dcs_data"
"overpack_allowed","LES","LES","LES",0,1,0,"","",0,0,"","","dcs_data"
"overstack_arg_flg","LES","algmnt","SEAMLES",0,1,1,"","F",0,0,"","","int_data"
"ovpflg","LES","ordlinmnt","LES",0,1,0,"","",0,0,"","","dcs_data"
"ovr_loc_cod","LES","LES","LES",0,1,0,"","",0,0,"","list override location codes where defflg = 1","dcs_data"
"ovramt","LES","bomdtlmnt","LES",0,1,0,"","",0,0,"","","dcs_data"
"pack_print_flg","LES","LES","LES",0,1,0,"","",0,0,"","","dcs_data"
"pak_flg","LES","LES","LES",0,1,0,"","",0,0,"","","sal_data"
"pakflg","LES","prtmstmnt","LES",0,1,0,"","",0,0,"","","sal_data"
"pakflg","LES","prtmstovrdmnt","LES",0,1,0,"","",0,0,"","","sal_data"
"pal_stck_hgt","LES","prtftpmstdfltmnt","LES",0,1,0,"","",0,0,"","","sal_data"
"pal_stck_hgt","LES","prtftpmstovrdmnt","LES",0,1,0,"","",0,0,"","","sal_data"
"palzrflg","LES","autlinmnt","LES",0,1,0,"","",0,0,"","","dcs_data"
"parcel_flg","LES","prtmstmnt","LES",0,1,0,"","",1,0,"","","sal_data"
"parcel_flg","LES","prtmstovrdmnt","LES",0,1,0,"","",1,0,"","","sal_data"
"parflg","LES","CustomerMnt","LES",0,1,0,"","",0,0,"","","sal_data"
"parflg","LES","ordlinmnt","LES",0,1,0,"","",0,0,"","","dcs_data"
"parflg","LES","ordmnt","LES",0,1,0,"","",0,0,"","","dcs_data"
"part_client_id","LES","LES","3pl",0,1,0,"","",0,0,"","","dcs_data"
"part_client_id","LES","LES","LES",0,1,0,"","----",0,0,"","","dcs_data"
"pass_assign","LES","LES","LES",0,1,0,"","",0,0,"","","dcs_data"
"pck_steal_flg","LES","AreMstFlagsWiz","LES",0,1,0,"","",0,0,"","","dcs_data"
"pck_steal_flg","LES","prtmstmnt","LES",0,1,0,"","",0,0,"","","sal_data"
"pck_steal_flg","LES","prtmstovrdmnt","LES",0,1,0,"","",0,0,"","","sal_data"
"pckcod","LES","AreWipBldgWiz","LES",0,1,1,"","N",0,0,"","","dcs_data"
"pckflg","LES","LES","LES",0,1,0,"","",0,0,"","","dcs_data"
"pckflg","LES","locmstattrwiz","LES",0,1,0,"","",0,0,"","","dcs_data"
"pckflg","LES","locmstmnt","LES",0,1,0,"","",0,0,"","","dcs_data"
"pckflg","LES","locmstovr","LES",0,1,0,"","",0,0,"","","dcs_data"
"pcktyp","LES","allocatewave","LES",0,1,1,"","PICK-N-REPLEN-N-SHIP",0,0,"","","dcs_data"
"pckup_flg","AuthMnt","LES","LES",0,1,0,"","",0,0,"","","mcs_data"
"pctflg","LES","rplcfgmnt","LES",0,1,0,"","",0,0,"","","dcs_data"
"pctflg","LES","servrtsmplmnt","LES",0,1,0,"","",1,0,"","","dcs_data"
"pdflg","LES","AreMstFlagsWiz","LES",0,1,0,"","",0,0,"","","dcs_data"
"perm_asgflg","LES","locmstmnt","LES",0,1,0,"","",0,0,"","","dcs_data"
"persist_eo_flg","LES","rifdmnt","SEAMLES",0,1,1,"","F",0,0,"","","int_data"
"persist_ifd_flg","LES","rifdmnt","SEAMLES",0,1,1,"","F",0,0,"","","int_data"
"pipflg","LES","LES","LES",0,1,0,"","",0,0,"","","dcs_data"
"pko_flg","LES","LES","LES",0,1,0,"","",0,0,"","","dcs_data"
"pln_cmpl_flg","LES","LES","LES",0,1,0,"","",0,0,"","","dcs_data"
"plyflg","LES","AreMoveTranidModalWiz","LES",0,1,0,"","",0,0,"","","dcs_data"
"pmsn_mask","AthMnt","LES","LES",0,1,0,"","",-1,0,"","","sal_data"
"pmsn_mask","SALMnuOptMnt","LES","LES",0,1,0,"","",-1,0,"","","sal_data"
"pndqvl","LES","locmstmnt","LES",0,1,0,"","0",0,0,"","","dcs_data"
"pndqvl","LES","locmstovr","LES",0,1,0,"","0",0,0,"","","dcs_data"
"po_box_flg","LES","LES","LES",0,1,0,"","",0,0,"","","sal_data"
"polcod","LES","FindPolicy","LES",0,1,1,"","",1,0,"","","sal_data"
"poldata","LES","FindPolicy","LES",0,1,1,"","",1,0,"","","sal_data"
"polval","LES","FindPolicy","LES",0,1,1,"","",1,0,"","","sal_data"
"polvar","LES","FindPolicy","LES",0,1,1,"","",1,0,"","","sal_data"
"pool_adr_id","LES","LES","LES",0,1,0,"","----",0,0,"","","sal_data"
"pool_flg","LES","LES","LES",0,1,0,"","",0,0,"","","sal_data"
"post_proc_flg","LES","rifdmnt","SEAMLES",0,1,1,"","F",0,0,"","","int_data"
"praflg","LES","AreMstFlagsWiz","LES",0,1,0,"","",0,0,"","","dcs_data"
"prcpri","LES","ordlinmnt","LES",0,1,0,"","",5,0,"","","dcs_data"
"prcpri","LES","ordmnt","LES",0,1,0,"","",5,0,"","","dcs_data"
"prcpri","LES","wkomnt","LES",0,1,0,"","",5,0,"","","dcs_data"
"prd_stgflg","LES","AreMstFlagsWiz","LES",0,1,0,"","",0,0,"","","dcs_data"
"prdflg","LES","prtmstmnt","LES",0,1,0,"","",0,0,"","","sal_data"
"prdflg","LES","prtmstovrdmnt","LES",0,1,0,"","",0,0,"","","sal_data"
"prdqty","LES","wkomnt","LES",0,1,0,"","",0,0,"","","dcs_data"
"pre_prnt_lbl_flg","LES","LES","LES",0,1,0,"","",0,0,"","","dcs_data"
"pricod","LES","procordbat","LES",0,1,0,"","",5,0,"","","dcs_data"
"print_exception_label","LES","LES","LES",0,1,0,"","",0,0,"","","dcs_data"
"print_label","LES","CARTON_RESIZE","LES",0,1,1,"","Y",0,0,"","","dcs_data"
"print_label","LES","rcvPutaway","LES",0,1,1,"","",0,0,"","","dcs_data"
"print_label","LES","rcvPutaway_1","LES",0,1,1,"","",0,0,"","","dcs_data"
"print_residual_label","LES","LES","LES",0,1,0,"","",0,0,"","","dcs_data"
"printflg","LES","LES","LES",0,1,1,"","",1,0,"","","dcs_data"
"prob_qty","LES","LES","LES",0,1,0,"","",100,0,"","","dcs_data"
"proc_clsd_flg","LES","LES","LES",0,1,0,"","",1,0,"","","dcs_data"
"prod_flg","LES","AreMstFlagsWiz","LES",0,1,0,"","",0,0,"","","dcs_data"
"prod_id","LES","SALMOCAReportMnt","LES",0,1,0,"","LES",0,0,"","","sal_data"
"prod_id","RPWEB","rp|mocareportmnt","LES",0,1,0,"","LES",0,0,"","","salweb_data"
"prsrv_evt_seq_flg","LES","sysmnt","SEAMLES",0,1,1,"","F",0,0,"","","int_data"
"prt_client_id","LES","cntreqopr","LES",0,1,0,"","",0,0,"","","dcs_data"
"prt_client_id","LES","dlytrndsp","LES",0,0,0,"","",0,0,"","","dcs_data"
"prt_client_id","LES","LES","3pl",0,0,0,"","",0,0,"","","sal_data"
"prt_client_id","LES","LES","LES",0,1,0,"","----",0,0,"","","sal_data"
"prt_client_id","LES","manpkgdsp","LES",0,0,0,"","",0,0,"","","dcs_data"
"prt_client_id","LES","SALMOCAReportOpr","LES",0,1,0,"","",0,0,"","","dcs_data"
"prt_client_id","RPWEB","LES","3pl",0,0,0,"","",0,0,"","","salweb_data"
"prt_client_id","RPWEB","LES","LES",0,1,1,"","----",0,0,"","","salweb_data"
"prtadjflg","LES","prtmstmnt","LES",0,1,0,"","",1,0,"","","sal_data"
"prtadjflg","LES","prtmstovrdmnt","LES",0,1,0,"","",1,0,"","","sal_data"
"prtcaslbl_flg","LES","LES","LES",0,1,1,"","",0,0,"","","dcs_data"
"prtftpcod","prtmstmnt","footprintconfig","LES",0,1,0,"","",0,0,"","","dcs_data"
"prtpallbl_flg","LES","LES","LES",0,1,1,"","",0,0,"","","dcs_data"
"pswd_chg_flg","AthMnt","LES","LES",0,1,0,"","",0,0,"","","sal_data"
"pswd_chg_flg","SALUsrConfig","LES","LES",0,1,0,"","",1,0,"","","sal_data"
"pswd_expir_flg","RPWEB","rp|mod_usr_security","LES",0,1,1,"","",0,0,"","","sal_data"
"pswd_expir_flg","SALUsrConfig","LES","LES",0,1,0,"","",1,0,"","","sal_data"
"purge_flg","LES","LES","LES",0,1,0,"","",0,0,"","","dcs_data"
"put_to_sto_flg","LES","AreMstFlagsWiz","LES",0,1,0,"","",0,0,"","","dcs_data"
"qty_by_cod","LES","LES","LES",0,1,0,"","LOAD",0,0,"","","dcs_data"
"qvnotifydelv1","LES","LES","LES",0,1,1,"","NONE",0,0,"","","sal_prcl_data"
"qvnotifydelv2","LES","LES","LES",0,1,1,"","NONE",0,0,"","","sal_prcl_data"
"qvnotifydelv3","LES","LES","LES",0,1,1,"","NONE",0,0,"","","sal_prcl_data"
"qvnotifydelv4","LES","LES","LES",0,1,1,"","NONE",0,0,"","","sal_prcl_data"
"qvnotifydelv5","LES","LES","LES",0,1,1,"","NONE",0,0,"","","sal_prcl_data"
"qvnotifyexcp1","LES","LES","LES",0,1,1,"","NONE",0,0,"","","sal_prcl_data"
"qvnotifyexcp2","LES","LES","LES",0,1,1,"","NONE",0,0,"","","sal_prcl_data"
"qvnotifyexcp3","LES","LES","LES",0,1,1,"","NONE",0,0,"","","sal_prcl_data"
"qvnotifyexcp4","LES","LES","LES",0,1,1,"","NONE",0,0,"","","sal_prcl_data"
"qvnotifyexcp5","LES","LES","LES",0,1,1,"","NONE",0,0,"","","sal_prcl_data"
"qvnotifyship1","LES","LES","LES",0,1,1,"","NONE",0,0,"","","sal_prcl_data"
"qvnotifyship2","LES","LES","LES",0,1,1,"","NONE",0,0,"","","sal_prcl_data"
"qvnotifyship3","LES","LES","LES",0,1,1,"","NONE",0,0,"","","sal_prcl_data"
"qvnotifyship4","LES","LES","LES",0,1,1,"","NONE",0,0,"","","sal_prcl_data"
"qvnotifyship5","LES","LES","LES",0,1,1,"","NONE",0,0,"","","sal_prcl_data"
"radioServer","LES","loadfileopr","LES",0,1,1,"","",1,0,"","","mcs_data"
"rcv_dck_flg","LES","AreMstFlagsWiz","LES",0,1,0,"","",0,0,"","","dcs_data"
"rcv_flg","LES","LES","LES",0,1,0,"","",0,0,"","","sal_data"
"rcv_pltbld_rule_id","LES","LES","LES",0,1,0,"","0",0,0,"","","dcs_data"
"rcv_stgflg","LES","AreMstFlagsWiz","LES",0,1,0,"","",0,0,"","","dcs_data"
"rcvflg","LES","prtmstmnt","LES",0,1,0,"","",0,0,"","","sal_data"
"rcvflg","LES","prtmstovrdmnt","LES",0,1,0,"","",0,0,"","","sal_data"
"rdtflg","LES","AreMstFlagsWiz","LES",0,1,0,"","",0,0,"","","dcs_data"
"ready_allowed","LES","LES","LES",0,1,0,"","",0,0,"","","dcs_data"
"realloc_flg","LES","LES","LES",0,1,0,"","",1,0,"","","dcs_data"
"recalc_putaway","LES","AreMstFlagsWiz","LES",0,1,0,"","",0,0,"","","dcs_data"
"recursive_flg","LES","iifdmnt","SEAMLES",0,1,1,"","F",0,0,"","","int_data"
"recursive_flg","LES","rifdmnt","SEAMLES",0,1,1,"","T",0,0,"","","int_data"
"redval","LES","LES","LES",0,1,0,"","",0,0,"","","dcs_data"
"reeval_expire_flg","LES","LES","LES",0,1,1,"","",1,0,"","","dcs_data"
"refresh_sec","LES","WEBDASHMNT","LES",0,1,0,"","",0,0,"","","sal_data"
"refrig_flg","LES","LES","LES",0,1,0,"","",0,0,"","","dcs_data"
"remflg","LES","xdkcanopr","LES",0,1,1,"","",0,0,"","","dcs_data"
"repflg","LES","locmstattrwiz","LES",0,1,0,"","",0,0,"","","dcs_data"
"repflg","LES","locmstmnt","LES",0,1,0,"","",0,0,"","","dcs_data"
"repflg","LES","locmstovr","LES",0,1,0,"","",0,0,"","","dcs_data"
"repick_skips","LES","LES","LES",0,1,0,"","",0,0,"","","dcs_data"
"replace_errtag","LES","autlinmnt","LES",0,1,0,"","",0,0,"","","dcs_data"
"reqtyp","LES","cntreqopr","LES",0,1,0,"","U",0,0,"","","dcs_data"
"request_cnt_by_opt","LES","ccnttmplmnt","LES",0,1,0,"","LOC_RANGE",0,0,"","","dcs_data"
"request_cnt_by_opt","LES","cntreqloc","LES",0,1,0,"","LOC_RANGE",0,0,"","","dcs_data"
"requir_tms_cod","LES","LES","LES",0,1,0,"","",0,0,"","","sal_data"
"requir_tms_flg","LES","ordmnt","LES",0,1,0,"","",0,0,"","","dcs_data"
"require_flg","LES","evtmnt","SEAMLES",0,1,1,"","F",0,0,"","","int_data"
"required_flg","LES","LES","SEAMLES",0,1,1,"","F",0,0,"","","int_data"
"retry_fail_flg","LES","LES","LES",0,1,0,"","",0,0,"","","dcs_data"
"revflg","LES","prtmstmnt","LES",0,1,0,"","",0,0,"","","sal_data"
"revflg","LES","prtmstovrdmnt","LES",0,1,0,"","",0,0,"","","sal_data"
"rf_frm_id","LES","servinsactmnt","LES",0,1,0,"","CNFRM_SERV_VAL",0,0,"","","dcs_data"
"rf_msg_type","LES","insmsgopr","LES",0,1,1,"","",3,0,"","","sal_data"
"rf_prmpt_rea_flg","LES","LES","LES",0,1,0,"","",0,0,"","","dcs_data"
"rfe_flg","LES","LES","LES",0,1,0,"","",1,0,"","","mcs_data"
"rimsts","LES","LES","LES",0,1,0,"","OPEN",0,0,"","","dcs_data"
"rls_tbl","LES","LES","LES",0,1,0,"","",0,0,"","publish data where rls_table = 'locmst'","dcs_data"
"rnwl_sto_flg","LES","AreMstFlagsWiz","LES",0,1,0,"","",0,0,"","","dcs_data"
"root_seg_rpt_brk_flg","LES","iifdmnt","SEAMLES",0,1,1,"","F",0,0,"","","int_data"
"root_seg_rpt_brk_flg","LES","rifdmnt","SEAMLES",0,1,1,"","F",0,0,"","","int_data"
"rplpckcod","LES","LES","LES",0,1,0,"","",0,0,"","","dcs_data"
"rpqflg","LES","LES","LES",0,1,0,"","",0,0,"","","dcs_data"
"rpqflg","LES","ordlinmnt","LES",0,1,0,"","",0,0,"","","dcs_data"
"rpqflg","LES","ordmnt","LES",0,1,0,"","",0,0,"","","dcs_data"
"rpqflg","LES","selecttool","LES",0,0,0,"","",0,0,"","","dcs_data"
"rpt_cnsqty","LES","clswkodtl","LES",0,1,0,"","",0,0,"","","dcs_data"
"rpt_cnsqty","LES","wkodtlmnt","LES",0,1,0,"","",0,0,"","","dcs_data"
"rpt_rtsqty","LES","clswkodtl","LES",0,1,0,"","",0,0,"","","dcs_data"
"rpt_rtsqty","LES","wkodtlmnt","LES",0,1,0,"","",0,0,"","","dcs_data"
"rpt_scpqty","LES","clswkodtl","LES",0,1,0,"","",0,0,"","","dcs_data"
"rpt_scpqty","LES","wkodtlmnt","LES",0,1,0,"","",0,0,"","","dcs_data"
"rpt_typ","LES","SALMOCAReportMnt","LES",0,1,0,"","MOCA",0,0,"","","sal_data"
"rpt_typ","RPWEB","rp|mocareportmnt","LES",0,1,0,"","MOCA",0,0,"","","salweb_data"
"rpt_wpsqty","LES","clswkodtl","LES",0,1,0,"","",0,0,"","","dcs_data"
"rpt_wpsqty","LES","wkodtlmnt","LES",0,1,0,"","",0,0,"","","dcs_data"
"rqdflg","LES","SALCodeMnt","LES",0,1,0,"","",0,0,"","","sal_data"
"rqdflg","LES","SALCodeMntSupervisor","LES",0,1,0,"","",0,0,"","","sal_data"
"rrlflg","LES","ordmnt","LES",0,1,0,"","",0,0,"","","dcs_data"
"rrlflg","LES","procordbat","LES",0,1,1,"","",0,0,"","","dcs_data"
"rrlflg","LES","shipmnt","LES",0,1,0,"","",0,0,"","","dcs_data"
"rsaflg","LES","LES","LES",0,1,0,"","",0,0,"","","sal_data"
"rsvpri","LES","ordlinmnt","LES",0,1,1,"","",5,0,"","","dcs_data"
"rsvpri","LES","ordmnt","LES",0,1,1,"","",5,0,"","","dcs_data"
"rule_nam","LES","planwave","LES",0,1,1,"","STD-ORDERSELECTION",0,0,"","","dcs_data"
"rush_flg","LES","ordmnt","LES",0,1,0,"","",0,0,"","","dcs_data"
"saveFlg","LES","palbldopr","LES",0,1,1,"","",0,0,"","","dcs_data"
"schdte","LES","cntreqloc","LES",0,1,0,"","",0,0,"","publish data where schdte = sysdate","dcs_data"
"schedsiz","LES","dckschdopr","LES",0,1,1,"","H",0,0,"","","dcs_data"
"schedzoom","LES","dckschdopr","LES",0,1,1,"","100%",0,0,"","","dcs_data"
"scpflg","LES","agepfldtl","LES",0,1,1,"","",0,0,"","","dcs_data"
"sddflg","LES","cardtlmnt","LES",0,1,1,"","",0,0,"","","dcs_data"
"sddflg","LES","ordlinmnt","LES",0,1,0,"","",0,0,"","","dcs_data"
"sddflg","LES","ordmnt","LES",0,1,0,"","",0,0,"","","dcs_data"
"sddflg","LES","procordbat","LES",0,1,1,"","",1,0,"","","dcs_data"
"sddflg","LES","shipmnt","LES",0,1,0,"","",0,0,"","","dcs_data"
"sedflg","LES","ordlinmnt","LES",0,1,0,"","",0,0,"","","dcs_data"
"sedflg","LES","ordmnt","LES",0,1,0,"","",0,0,"","","dcs_data"
"seg_pad_flg","LES","LES","SEAMLES",0,1,1,"","F",0,0,"","","int_data"
"sens_box_flg","LES","LES","LES",0,1,0,"","",0,0,"","","dcs_data"
"seqnum","LES","clswkodtl","LES",0,1,0,"","",0,0,"","","dcs_data"
"seqnum","LES","locnamscmmnt","LES",0,1,0,"","",0,0,"","[select nvl(max(seqnum), 0) + 1 from locnam where scmnam = '&scmnam']","dcs_data"
"seqnum","LES","rcvdtlmnt","LES",0,1,0,"","",0,0,"","","dcs_data"
"seqnum","LES","wkodtlmnt","LES",0,1,0,"","",0,0,"","","dcs_data"
"ser_flg","LES","LES","LES",0,1,0,"","",0,0,"","","dcs_data"
"serv_enaflg","LES","LES","LES",0,1,1,"","",0,0,"","","dcs_data"
"serv_prnt_lblflg","LES","carxrfmnt","LES",0,1,0,"","",0,0,"","","dcs_data"
"serv_req_cmp_flg","LES","LES","LES",0,1,0,"","",0,0,"","","dcs_data"
"serv_req_flg","LES","invservmnt","LES",0,1,0,"","",0,0,"","","dcs_data"
"serv_req_flg","LES","LES","LES",0,1,0,"","",0,0,"","","dcs_data"
"ses_log_dir","rflogcfgmnt","LES","LES",0,1,0,"","${LESDIR}/log",0,0,"","","mtf_data"
"ses_thresh","rflogcfgmnt","LES","LES",0,1,0,"","ALL",0,0,"","","mtf_data"
"set_locsts_flg","LES","AreMstFlagsWiz","LES",0,1,0,"","",1,0,"","","dcs_data"
"set_maxqvl_flg","LES","AreMstFlagsWiz","LES",0,1,0,"","",1,0,"","","dcs_data"
"share_loc_flg","LES","LES","LES",0,1,0,"","",0,0,"","","dcs_data"
"ship_flg","LES","clsrcvtrkopr","LES",0,1,1,"","",0,0,"","","dcs_data"
"show_all","LES","notesdsp","LES",0,1,1,"","",0,0,"","","dcs_data"
"show_in_transit_flg","LES","invchgopr","LES",0,1,1,"","",0,0,"","","dcs_data"
"show_lod_flg","LES","LES","LES",0,1,1,"","",0,0,"","","dcs_data"
"show_only_fwi","LES","LES","LES",0,1,1,"","",1,0,"","","dcs_data"
"show_only_picked_inv","LES","LES","LES",0,1,1,"","",0,0,"","","dcs_data"
"show_query_flg","LES","dcsmgmntopr","LES",0,1,1,"","",0,0,"","","dcs_data"
"show_query_flg","LES","SALMgmntOpr","LES",0,1,1,"","",0,0,"","","sal_data"
"show_resolved_flg","LES","distroexcpopr","LES",0,1,1,"","",0,0,"","","dcs_data"
"show_selected","LES","procwko","LES",0,1,1,"","",0,0,"","","dcs_data"
"show_ship_info","LES","SALMOCAReportOpr","LES",0,1,1,"","",0,0,"","","dcs_data"
"show_summary","LES","LES","LES",0,1,1,"","",1,0,"","","dcs_data"
"showMilitaryTime","LES","dckschdopr","LES",0,1,1,"","",1,0,"","","dcs_data"
"shp_dck_flg","LES","AreMstFlagsWiz","LES",0,1,0,"","",0,0,"","","dcs_data"
"shp_stg_ovrd_flg","LES","AreMstFlagsWiz","LES",0,1,0,"","",0,0,"","","dcs_data"
"shp_stg_ovrd_flg","LES","cardtlmnt","LES",0,1,0,"","",0,0,"","","dcs_data"
"shpflg","LES","AreMstFlagsWiz","LES",0,1,0,"","",0,0,"","","dcs_data"
"shpflg","LES","hldmstmnt","LES",0,1,0,"","",1,0,"","","dcs_data"
"shpflg","LES","invstsprgdtl","LES",0,1,0,"","",0,0,"","","dcs_data"
"shw_clsd_invc","LES","LES","LES",0,1,1,"","",0,0,"","","dcs_data"
"sid_flg","LES","LES","LES",0,1,0,"","",0,0,"","","mcs_data"
"sig_id","LES","LES","LES",0,1,1,"","DEFAULT",0,0,"","","sal_data"
"sig_req_flg","LES","ordmnt","LES",0,1,0,"","",0,0,"","","dcs_data"
"sigflg","LES","AreMstFlagsWiz","LES",0,1,0,"","",1,0,"","","dcs_data"
"signoff_allowed","LES","LES","LES",0,1,0,"","",0,0,"","","dcs_data"
"single_pkg_shp_flg","LES","cardtlmnt","LES",0,1,1,"","",0,0,"","","dcs_data"
"single_signon_flg","AthMnt","LES","LES",0,1,0,"","",0,0,"","","sal_data"
"single_signon_flg","RPWEB","rp|mod_usr_security","LES",0,1,1,"","",0,0,"","","sal_data"
"SinglePart","LES","xdkplnopr","LES",0,1,1,"","",0,0,"","","dcs_data"
"skip_aisle_allowed","LES","LES","LES",0,1,0,"","",0,0,"","","dcs_data"
"skip_pick_valdt","LES","LES","LES",0,1,0,"","DEF_NO_PROMPT",0,0,"","","dcs_data"
"skip_slot_allowed","LES","LES","LES",0,1,0,"","",0,0,"","","dcs_data"
"skp_alc_flg","LES","bomdtlmnt","LES",0,1,0,"","",0,0,"","","dcs_data"
"sml_pkg_flg","LES","TrnspModMnt","LES",0,1,0,"","",0,0,"","","dcs_data"
"snd_err_stat_flg","LES","sysmnt","SEAMLES",0,1,1,"","F",0,0,"","","int_data"
"sngl_prt_pal_flg","LES","CustomerMnt","LES",0,1,0,"","",0,0,"","","sal_data"
"sngpal_flg","LES","autlinmnt","LES",0,1,0,"","",0,0,"","","dcs_data"
"sngprt_flg","LES","autlinmnt","LES",0,1,0,"","",0,0,"","","dcs_data"
"sort_default_flg","LES","LES","LES",0,1,0,"","",0,0,"","","dcs_data"
"splflg","LES","CustomerMnt","LES",0,1,0,"","",0,0,"","","sal_data"
"splflg","LES","ordlinmnt","LES",0,1,0,"","",1,0,"","","dcs_data"
"splflg","LES","ordmnt","LES",0,1,0,"","",1,0,"","","dcs_data"
"split_stg_flg","LES","SALClientMnt","LES",0,1,0,"","",0,0,"","","sal_data"
"split_trn","LES","AreMstFlagsWiz","LES",0,1,0,"","",0,0,"","","dcs_data"
"src_wh_id","LES","AreNextMoveModalWiz","LES",0,1,1,"","",0,0,"","if (@@wh_id = '') {get warehouse id} else {publish data where wh_id = @@wh_id}","dcs_data"
"srch_comps_flg","LES","invchgopr","LES",0,1,1,"","",0,0,"","","dcs_data"
"srt_seq","LES","SAL-PRO-NUMBER-BLK-MNT","LES",0,1,0,"","",0,0,"","[select nvl(max(srt_seq), 0) + 1 srt_seq from car_pro_num_blk where carcod ='&carcod' and adr_id = '&adr_id' and pool_adr_id = '&pool_adr_id']","sal_data"
"srtseq","LES","invstsprgdtl","LES",0,1,0,"","",0,0,"","[select nvl(max(srtseq), 0) + 1 from prgmst where invsts_prg = '&invsts_prg']","dcs_data"
"srwflg","LES","LES","LES",0,1,1,"","",0,0,"","","sal_data"
"srwflg","LES","schagtopr","LES",0,1,0,"","",0,0,"","","sal_data"
"srwflg","RPWEB","LES","LES",0,1,0,"","",0,0,"","","sal_data"
"stack_cmpl_flg","LES","LES","LES",0,1,0,"","",0,0,"","","dcs_data"
"start_flg","LES","wkomnt","LES",0,1,0,"","",0,0,"","","dcs_data"
"start_pal_flg","LES","AreMstFlagsWiz","LES",0,1,0,"","",0,0,"","","dcs_data"
"std_put_flg","LES","LES","LES",0,1,0,"","",0,0,"","","dcs_data"
"stdflg","LES","CustomerMnt","LES",0,1,0,"","",0,0,"","","sal_data"
"stdflg","LES","ordlinmnt","LES",0,1,0,"","",0,0,"","","dcs_data"
"stdflg","LES","ordmnt","LES",0,1,0,"","",0,0,"","","dcs_data"
"stgflg","LES","AreMstFlagsWiz","LES",0,1,0,"","",0,0,"","","dcs_data"
"sto_alc_flg","LES","LES","LES",0,1,0,"","",0,0,"","","dcs_data"
"sto_trlr_flg","LES","AreMstFlagsWiz","LES",0,1,0,"","",0,0.0,"","","dcs_data"
"stoare_flg","LES","AreMstFlagsWiz","LES",0,1,0,"","",0,0,"","","dcs_data"
"stoflg","LES","LES","LES",0,1,0,"","",0,0,"","","dcs_data"
"stoflg","LES","locmstattrwiz","LES",0,1,0,"","",0,0,"","","dcs_data"
"stoflg","LES","locmstmnt","LES",0,1,0,"","",0,0,"","","dcs_data"
"stoflg","LES","locmstovr","LES",0,1,0,"","",0,0,"","","dcs_data"
"stoloc_flg","LES","whcopy","LES",0,1,1,"","",1,0,"","","mcs_data"
"stoloc_wh_id","LES","trlrmgtopr","LES",0,1,1,"","",0,0,""," if (@@wh_id = '') {get warehouse id} else {publish data where stoloc_wh_id = @@wh_id}","dcs_data"
"stop_seq","LES","stopmnt","LES",0,1,0,"","",0,0,"","[select nvl(max(stop_seq), 0) + 1 from stop where car_move_id = '&car_move_id']","dcs_data"
"stop_serv_flg","LES","LES","LES",0,1,0,"","",0,0,"","","dcs_data"
"sts_ovr_flg","LES","SALClientMnt","LES",0,1,0,"","",0,0,"","","sal_data"
"subflg","LES","allocatewave","LES",0,1,1,"","",1,0,"","","dcs_data"
"subflg","LES","AreMstFlagsWiz","LES",0,1,0,"","",1,0,"","","dcs_data"
"subflg","LES","procordbat","LES",0,1,1,"","",1,0,"","","dcs_data"
"subflg","LES","procwko","LES",0,1,1,"","",1,0,"","","dcs_data"
"subflg","LES","releasewave","LES",0,1,1,"","",1,0,"","","dcs_data"
"subflg","RPWEB","wmd|releasewave","LES",0,1,1,"","",1,0,"","","dcsweb_data"
"super_flg","LES","AreWipPrdLinModalWiz","LES",0,1,1,"","",0,0,"","","dcs_data"
"super_flg","LES","wkoprcare","LES",0,1,0,"","",0,0,"","","dcs_data"
"sys_gen_ctn_id","LES","LES","LES",0,1,0,"","",0,0,"","","dcs_data"
"sys_gen_ctn_num","LES","LES","LES",0,1,0,"","",0,0,"","","dcs_data"
"tag_flg","LES","cstprqmnt","LES",0,1,0,"","",0,0,"","","dcs_data"
"temp_flg","alcrulmnt","alcrulmnt","LES",0,1,0,"","",1,0,"","","dcs_data"
"temp_flg","LES","LES","LES",0,1,0,"","",0,0,"","","sal_data"
"thresh_pct","LES","LES","LES",0,1,0,"","",0,100.0,"","","sal_data"
"timcod","LES","prtmstmnt","LES",0,1,0,"","D",0,0,"","","sal_data"
"timcod","LES","prtmstovrdmnt","LES",0,1,0,"","D",0,0,"","","sal_data"
"time_scope","LES","LES","LES",0,1,0,"","",0,0.0,"","","dcs_data"
"timer","LES","jobmnt","LES",0,0,0,"","",0,0,"","","mcs_data"
"timer","LES","LES","LES",0,1,1,"","",60,0,"","","dcs_data"
"title_pos","LES","frmChartMnt","LES",0,1,0,"","",0,0,"","","mcs_data"
"tnwflg","LES","LES","LES",0,1,0,"","",0,0,"","","sal_data"
"to_tran_dt","LES","LES","LES",0,1,0,"","",0,0,"","publish data where to_tran_dt = to_date(to_char(sysdate, 'YYYYMMDD') || '235959', 'YYYYMMDDHH24MISS')","dcs_data"
"tot_cnsqty","LES","clswkodtl","LES",0,1,0,"","",0,0,"","","dcs_data"
"tot_cnsqty","LES","wkodtlmnt","LES",0,1,0,"","",0,0,"","","dcs_data"
"tot_dlvqty","LES","clswkodtl","LES",0,1,0,"","",0,0,"","","dcs_data"
"tot_dlvqty","LES","wkodtlmnt","LES",0,1,0,"","",0,0,"","","dcs_data"
"trail_delim_flg","LES","LES","SEAMLES",0,1,1,"","T",0,0,"","","int_data"
"trk_shp_flg","LES","LES","LES",0,1,0,"","",0,0,"","","sal_data"
"trlr_dck_flg","LES","LES","LES",0,1,0,"","",0,0,"","","dcs_data"
"turn_flg","LES","apptmnt","LES",0,1,0,"","",0,0,"","","dcs_data"
"turn_flg","LES","trlrmgtopr","LES",0,1,0,"","",0,0,"","","dcs_data"
"untcas","LES","bomdtlmnt","LES",0,1,0,"","",0,0,"","","dcs_data"
"untcas","LES","clswkodtl","LES",0,1,0,"","",0,0,"","","dcs_data"
"untcas","LES","wkodtlmnt","LES",0,1,0,"","",0,0,"","","dcs_data"
"untpak","LES","bomdtlmnt","LES",0,1,0,"","",0,0,"","","dcs_data"
"untpak","LES","clswkodtl","LES",0,1,0,"","",0,0,"","","dcs_data"
"untpak","LES","wkodtlmnt","LES",0,1,0,"","",0,0,"","","dcs_data"
"untqty","LES","movreqopr","LES",0,1,1,"","",1,0,"","","dcs_data"
"uploadflg","LES","LES","LES",0,1,1,"","",1,0,"","","dcs_data"
"use_dir_wrk_filters","LES","LES","LES",0,1,0,"","",1,0,"","","dcs_data"
"use_directed_work","LES","LES","LES",0,1,0,"","",0,0,"","","dcs_data"
"use_lut_status","LES","LES","LES",0,1,0,"","",0,0,"","","dcs_data"
"use_src_flg","LES","LES","LES",0,1,0,"","",1,0,"","","dcs_data"
"useflg","LES","locmstattrwiz","LES",0,1,0,"","",0,0,"","","dcs_data"
"useflg","LES","locmstmnt","LES",0,1,0,"","",0,0,"","","dcs_data"
"useflg","LES","locmstovr","LES",0,1,0,"","",0,0,"","","dcs_data"
"usr_sts","RPWEB","rp|mod_usr_security","LES",0,1,1,"","A",0,0,"","","sal_data"
"usr_sts","SALUsrConfig","LES","LES",0,1,0,"","A",0,0,"","","sal_data"
"val_in_bnd_var_flg","LES","alggrpmnt","SEAMLES",0,1,1,"","F",0,0,"","","int_data"
"val_out_bnd_var_flg","LES","alggrpmnt","SEAMLES",0,1,1,"","F",0,0,"","","int_data"
"validate_cnt_id","LES","LES","LES",0,1,0,"","",0,0,"","","dcs_data"
"var_arg_list_flg","LES","algmnt","SEAMLES",0,1,1,"","F",0,0,"","","int_data"
"veh_lod_limit","LES","LES","LES",0,1,0,"","",0,0,"","","dcs_data"
"velzon","LES","prdlinmnt","LES",0,1,0,"","B",0,0,"","","dcs_data"
"velzon_recalc_flg","LES","LES","LES",0,1,0,"","",1,0,"","","sal_data"
"vis_flg","LES","rdtpolmnt","LES",0,1,1,"","",1,0,"","","dcs_data"
"vis_flg","LES","rdtpolovrdmnt","LES",0,1,1,"","",1,0,"","","dcs_data"
"vis_flg","LES","SALFieldConfigConfigWiz","LES",0,1,1,"","",1,0,"","","mcs_data"
"volume_mu","LES","localemnt","LES",0,1,0,"","cubic inch, US",0,0,"","","sal_data"
"wave_flg","LES","distromnt","LES",0,1,0,"","",0,0,"","","dcs_data"
"wave_flg","LES","ordmnt","LES",0,1,0,"","",0,0,"","","dcs_data"
"wave_flg","LES","shiplinmnt","LES",0,1,1,"","",0,0,"","","dcs_data"
"wgt_mu","LES","localemnt","LES",0,1,0,"","pound, US",0,0,"","","sal_data"
"wh_id","LES","LES","LES",0,1,1,"","",0,0,"","publish data where wh_id = @@wh_id","sal_data"
"wh_id","LES","mediamnt","LES",0,1,1,"","----",0,0,"","","mcs_data"
"wh_id","LES","selecttool","LES",0,1,1,"","",0,0,"","","dcs_data"
"wh_id","LES","VarCfgMnt","LES",0,0,0,"","",0,0,"","","mcs_data"
"wh_id","LES","whmnt","LES",0,1,1,"","",0,0,"","","mcs_data"
"wh_id","prtftpmstdfltmnt","LES","LES",0,1,1,"","----",0,0,"","","sal_data"
"wh_id","prtmstdfltmnt","LES","LES",0,1,1,"","----",0,0,"","","sal_data"
"wh_id","prtmstovrdmnt","LES","LES",0,1,1,"","",0,0,"","publish data where wh_id = @@wh_id","sal_data"
"wip_expflg","LES","AreMstFlagsWiz","LES",0,1,0,"","",0,0,"","","dcs_data"
"wip_prtflg","LES","prtmstmnt","LES",0,1,0,"","",0,0,"","","sal_data"
"wip_prtflg","LES","prtmstovrdmnt","LES",0,1,0,"","",0,0,"","","sal_data"
"wip_supflg","LES","AreMstFlagsWiz","LES",0,1,0,"","",0,0,"","","dcs_data"
"wipflg","LES","AreMstFlagsWiz","LES",0,1,0,"","",0,0,"","","dcs_data"
"wke_flg","LES","LES","LES",0,1,0,"","",0,0,"","","mcs_data"
"wko_client_id","LES","LES","3pl",0,1,0,"","",0,0,"","","dcs_data"
"wko_client_id","LES","LES","LES",0,1,0,"","----",0,0,"","","dcs_data"
"wkosts","LES","wkomnt","LES",0,0,0,"","D",0,0,"","","dcs_data"
"wrkare_flg","LES","whcopy","LES",0,1,1,"","",1,0,"","","mcs_data"
"wrkque","LES","shpadjput","LES",0,1,1,"","",0,0,"","","dcs_data"
"wrkque","LES","stktrnopr","LES",0,1,1,"","",0,0,"","","dcs_data"
"wrkzon_flg","LES","whcopy","LES",0,1,1,"","",1,0,"","","mcs_data"
"xdaflg","LES","AreMstFlagsWiz","LES",0,1,0,"","",0,0,"","","dcs_data"
"xdkflg","LES","bomdtlmnt","LES",0,1,0,"","",0,0,"","","dcs_data"
"xdkflg","LES","clswkodtl","LES",0,1,0,"","",0,0,"","","dcs_data"
"xdkflg","LES","ordlinmnt","LES",0,1,0,"","",0,0,"","","dcs_data"
"xdkflg","LES","ordmnt","LES",0,1,0,"","",0,0,"","","dcs_data"
"xdkflg","LES","wkodtlmnt","LES",0,1,0,"","",0,0,"","","dcs_data"
"xferdstidenabled","LES","LES","LES",0,1,0,"","",0,0,"","","dcs_data"
"xferlabelload","LES","LES","LES",0,1,0,"","",0,0,"","","dcs_data"
"yard_stat","LES","trlrmgtopr","LES",0,1,0,"","FULL",0,0,"","","dcs_data"
"yestoall_flg","LES","LES","LES",0,1,0,"","",0,0,"","","dcs_data"
"yrdflg","LES","AreMstFlagsWiz","LES",0,1,0,"","",0,0,"","","dcs_data"
